MM:DD:YYYY hh:mm:ss,Library_Version,Session_type,Device_Number,Battery_Voltage,Motor_Turns,PelletsToSwitch,Prob_left,Prob_right,Event,High_prob_poke,Left_Poke_Count,Right_Poke_Count,Pellet_Count,Block_Pellet_Count,Retrieval_Time,InterPelletInterval,Poke_Time
6/26/2024 12:57:39,1.17.0,Bandit,18,4.05,nan,30,100,0,Left,Left,1,0,0,0,nan,nan,0.76
6/26/2024 12:58:34,1.17.0,Bandit,18,4.06,3,30,100,0,Pellet,Left,1,0,1,0,47.80,nan,nan
6/26/2024 13:09:20,1.17.0,Bandit,18,4.06,nan,30,100,0,Left,Left,2,0,1,1,nan,nan,0.36
6/26/2024 13:09:26,1.17.0,Bandit,18,4.06,1,30,100,0,Pellet,Left,2,0,2,1,2.46,652,nan
6/26/2024 13:55:04,1.17.0,Bandit,18,4.05,nan,30,100,0,Left,Left,3,0,2,2,nan,nan,0.01
6/26/2024 13:55:10,1.17.0,Bandit,18,4.06,1,30,100,0,Pellet,Left,3,0,3,2,2.72,2744,nan
6/27/2024 13:35:05,1.17.0,Bandit,18,4.02,nan,30,100,0,Left,Left,4,0,3,3,nan,nan,0.79
6/27/2024 13:35:24,1.17.0,Bandit,18,4.02,4,30,100,0,Pellet,Left,4,0,4,3,11.04,85214,nan
6/27/2024 14:01:51,1.17.0,Bandit,18,4.02,nan,30,100,0,Left,Left,5,0,4,4,nan,nan,0.36
6/27/2024 14:02:03,1.17.0,Bandit,18,4.01,4,30,100,0,Pellet,Left,5,0,5,4,2.15,1599,nan
6/27/2024 14:07:51,1.17.0,Bandit,18,4.01,nan,30,100,0,Right,Left,5,1,5,5,nan,nan,0.19
6/27/2024 14:08:08,1.17.0,Bandit,18,4.02,nan,30,100,0,Left,Left,6,1,5,5,nan,nan,0.25
6/27/2024 14:08:11,1.17.0,Bandit,18,4.02,1,30,100,0,Pellet,Left,6,1,6,5,0.06,368,nan
6/27/2024 14:09:14,1.17.0,Bandit,18,4.02,nan,30,100,0,Right,Left,6,2,6,6,nan,nan,0.06
6/27/2024 14:10:38,1.17.0,Bandit,18,4.02,nan,30,100,0,Right,Left,6,3,6,6,nan,nan,0.13
6/27/2024 14:12:01,1.17.0,Bandit,18,4.01,nan,30,100,0,Right,Left,6,4,6,6,nan,nan,0.32
6/27/2024 14:12:27,1.17.0,Bandit,18,4.01,nan,30,100,0,Left,Left,7,4,6,6,nan,nan,0.02
6/27/2024 14:12:30,1.17.0,Bandit,18,4.01,1,30,100,0,Pellet,Left,7,4,7,6,0.06,259,nan
6/27/2024 14:13:43,1.17.0,Bandit,18,4.02,nan,30,100,0,Left,Left,8,4,7,7,nan,nan,0.33
6/27/2024 14:13:48,1.17.0,Bandit,18,4.02,2,30,100,0,Pellet,Left,8,4,8,7,1.26,78,nan
6/27/2024 14:14:15,1.17.0,Bandit,18,4.02,nan,30,100,0,Right,Left,8,5,8,8,nan,nan,0.03
6/27/2024 14:15:56,1.17.0,Bandit,18,4.01,nan,30,100,0,Left,Left,9,5,8,8,nan,nan,0.37
6/27/2024 14:16:00,1.17.0,Bandit,18,4.01,1,30,100,0,Pellet,Left,9,5,9,8,0.69,132,nan
6/27/2024 14:16:51,1.17.0,Bandit,18,4.02,nan,30,100,0,Left,Left,10,5,9,9,nan,nan,0.40
6/27/2024 14:16:54,1.17.0,Bandit,18,4.01,1,30,100,0,Pellet,Left,10,5,10,9,0.06,54,nan
6/27/2024 14:18:06,1.17.0,Bandit,18,4.01,nan,30,100,0,Right,Left,10,6,10,10,nan,nan,0.12
6/27/2024 14:18:33,1.17.0,Bandit,18,4.02,nan,30,100,0,Left,Left,11,6,10,10,nan,nan,0.48
6/27/2024 14:18:39,1.17.0,Bandit,18,4.02,1,30,100,0,Pellet,Left,11,6,11,10,2.78,105,nan
6/27/2024 14:19:33,1.17.0,Bandit,18,4.01,nan,30,100,0,Left,Left,12,6,11,11,nan,nan,0.52
6/27/2024 14:20:33,1.17.0,Bandit,18,4.02,2,30,100,0,Pellet,Left,12,6,12,11,54.56,114,nan
6/27/2024 14:20:44,1.17.0,Bandit,18,4.02,nan,30,100,0,Left,Left,13,6,12,12,nan,nan,0.45
6/27/2024 14:20:51,1.17.0,Bandit,18,4.02,1,30,100,0,Pellet,Left,13,6,13,12,3.99,18,nan
6/27/2024 14:21:16,1.17.0,Bandit,18,4.01,nan,30,100,0,Right,Left,13,7,13,13,nan,nan,0.09
6/27/2024 14:21:34,1.17.0,Bandit,18,4.02,nan,30,100,0,LeftinTimeOut,Left,13,7,13,13,nan,nan,nan
6/27/2024 14:21:35,1.17.0,Bandit,18,4.01,nan,30,100,0,LeftinTimeOut,Left,13,7,13,13,nan,nan,nan
6/27/2024 14:21:37,1.17.0,Bandit,18,4.02,nan,30,100,0,LeftinTimeOut,Left,13,7,13,13,nan,nan,nan
6/27/2024 14:21:37,1.17.0,Bandit,18,4.01,nan,30,100,0,LeftinTimeOut,Left,13,7,13,13,nan,nan,nan
6/27/2024 14:21:39,1.17.0,Bandit,18,4.02,nan,30,100,0,LeftinTimeOut,Left,13,7,13,13,nan,nan,nan
6/27/2024 14:21:40,1.17.0,Bandit,18,4.01,nan,30,100,0,LeftinTimeOut,Left,13,7,13,13,nan,nan,nan
6/27/2024 14:21:41,1.17.0,Bandit,18,4.01,nan,30,100,0,LeftinTimeOut,Left,13,7,13,13,nan,nan,nan
6/27/2024 14:21:45,1.17.0,Bandit,18,4.02,nan,30,100,0,LeftinTimeOut,Left,13,7,13,13,nan,nan,nan
6/27/2024 14:21:48,1.17.0,Bandit,18,4.01,nan,30,100,0,LeftinTimeOut,Left,13,7,13,13,nan,nan,nan
6/27/2024 14:22:37,1.17.0,Bandit,18,4.01,nan,30,100,0,Right,Left,13,8,13,13,nan,nan,0.40
6/27/2024 14:24:16,1.17.0,Bandit,18,4.01,nan,30,100,0,Right,Left,13,9,13,13,nan,nan,0.16
6/27/2024 14:24:37,1.17.0,Bandit,18,4.01,nan,30,100,0,Left,Left,14,9,13,13,nan,nan,0.59
6/27/2024 14:25:32,1.17.0,Bandit,18,4.02,nan,30,100,0,LeftWithPellet,Left,14,9,13,13,nan,nan,0.31
6/27/2024 14:25:34,1.17.0,Bandit,18,4.01,nan,30,100,0,LeftWithPellet,Left,14,9,13,13,nan,nan,0.92
6/27/2024 14:25:37,1.17.0,Bandit,18,4.01,nan,30,100,0,LeftWithPellet,Left,14,9,13,13,nan,nan,0.49
6/27/2024 14:25:38,1.17.0,Bandit,18,4.02,nan,30,100,0,LeftWithPellet,Left,14,9,13,13,nan,nan,0.44
6/27/2024 14:25:41,1.17.0,Bandit,18,4.01,2,30,100,0,Pellet,Left,14,9,14,13,58.85,290,nan
6/27/2024 14:25:45,1.17.0,Bandit,18,4.01,nan,30,100,0,Left,Left,15,9,14,14,nan,nan,0.68
6/27/2024 14:25:48,1.17.0,Bandit,18,4.01,1,30,100,0,Pellet,Left,15,9,15,14,0.06,7,nan
6/27/2024 14:26:14,1.17.0,Bandit,18,4.01,nan,30,100,0,Right,Left,15,10,15,15,nan,nan,0.38
6/27/2024 14:26:36,1.17.0,Bandit,18,4.01,nan,30,100,0,Left,Left,16,10,15,15,nan,nan,0.71
6/27/2024 14:26:39,1.17.0,Bandit,18,4.01,1,30,100,0,Pellet,Left,16,10,16,15,0.06,51,nan
6/27/2024 14:27:02,1.17.0,Bandit,18,4.02,nan,30,100,0,Left,Left,17,10,16,16,nan,nan,0.47
6/27/2024 14:27:05,1.17.0,Bandit,18,4.01,1,30,100,0,Pellet,Left,17,10,17,16,0.06,26,nan
6/27/2024 14:27:39,1.17.0,Bandit,18,4.02,nan,30,100,0,Right,Left,17,11,17,17,nan,nan,0.13
6/27/2024 14:27:54,1.17.0,Bandit,18,4.01,nan,30,100,0,LeftinTimeOut,Left,17,11,17,17,nan,nan,nan
6/27/2024 14:27:57,1.17.0,Bandit,18,4.02,nan,30,100,0,LeftinTimeOut,Left,17,11,17,17,nan,nan,nan
6/27/2024 14:27:58,1.17.0,Bandit,18,4.01,nan,30,100,0,LeftinTimeOut,Left,17,11,17,17,nan,nan,nan
6/27/2024 14:28:02,1.17.0,Bandit,18,4.02,nan,30,100,0,LeftinTimeOut,Left,17,11,17,17,nan,nan,nan
6/27/2024 14:28:13,1.17.0,Bandit,18,4.01,nan,30,100,0,Left,Left,18,11,17,17,nan,nan,0.55
6/27/2024 14:28:16,1.17.0,Bandit,18,4.02,1,30,100,0,Pellet,Left,18,11,18,17,0.06,71,nan
6/27/2024 14:28:43,1.17.0,Bandit,18,4.02,nan,30,100,0,Right,Left,18,12,18,18,nan,nan,0.36
6/27/2024 14:28:55,1.17.0,Bandit,18,4.00,nan,30,100,0,LeftinTimeOut,Left,18,12,18,18,nan,nan,nan
6/27/2024 14:28:57,1.17.0,Bandit,18,4.01,nan,30,100,0,LeftinTimeOut,Left,18,12,18,18,nan,nan,nan
6/27/2024 14:28:58,1.17.0,Bandit,18,4.02,nan,30,100,0,LeftinTimeOut,Left,18,12,18,18,nan,nan,nan
6/27/2024 14:29:00,1.17.0,Bandit,18,4.01,nan,30,100,0,LeftinTimeOut,Left,18,12,18,18,nan,nan,nan
6/27/2024 14:29:03,1.17.0,Bandit,18,4.01,nan,30,100,0,LeftinTimeOut,Left,18,12,18,18,nan,nan,nan
6/27/2024 14:29:05,1.17.0,Bandit,18,4.01,nan,30,100,0,LeftinTimeOut,Left,18,12,18,18,nan,nan,nan
6/27/2024 14:29:10,1.17.0,Bandit,18,4.01,nan,30,100,0,LeftinTimeOut,Left,18,12,18,18,nan,nan,nan
6/27/2024 14:29:12,1.17.0,Bandit,18,4.01,nan,30,100,0,LeftinTimeOut,Left,18,12,18,18,nan,nan,nan
6/27/2024 14:29:12,1.17.0,Bandit,18,4.02,nan,30,100,0,LeftinTimeOut,Left,18,12,18,18,nan,nan,nan
6/27/2024 14:29:12,1.17.0,Bandit,18,4.02,nan,30,100,0,LeftinTimeOut,Left,18,12,18,18,nan,nan,nan
6/27/2024 14:29:14,1.17.0,Bandit,18,4.02,nan,30,100,0,LeftinTimeOut,Left,18,12,18,18,nan,nan,nan
6/27/2024 14:29:16,1.17.0,Bandit,18,4.01,nan,30,100,0,LeftinTimeOut,Left,18,12,18,18,nan,nan,nan
6/27/2024 14:29:18,1.17.0,Bandit,18,4.01,nan,30,100,0,LeftinTimeOut,Left,18,12,18,18,nan,nan,nan
6/27/2024 14:29:18,1.17.0,Bandit,18,4.02,nan,30,100,0,LeftinTimeOut,Left,18,12,18,18,nan,nan,nan
6/27/2024 14:29:19,1.17.0,Bandit,18,4.01,nan,30,100,0,LeftinTimeOut,Left,18,12,18,18,nan,nan,nan
6/27/2024 14:29:55,1.17.0,Bandit,18,4.01,nan,30,100,0,Left,Left,19,12,18,18,nan,nan,0.73
6/27/2024 14:29:58,1.17.0,Bandit,18,4.01,1,30,100,0,Pellet,Left,19,12,19,18,0.25,102,nan
6/27/2024 14:30:16,1.17.0,Bandit,18,4.01,nan,30,100,0,Left,Left,20,12,19,19,nan,nan,0.38
6/27/2024 14:30:25,1.17.0,Bandit,18,4.01,1,30,100,0,Pellet,Left,20,12,20,19,5.96,27,nan
6/27/2024 14:30:40,1.17.0,Bandit,18,4.02,nan,30,100,0,Left,Left,21,12,20,20,nan,nan,0.02
6/27/2024 14:30:43,1.17.0,Bandit,18,4.01,1,30,100,0,Pellet,Left,21,12,21,20,0.06,18,nan
6/27/2024 14:31:14,1.17.0,Bandit,18,4.01,nan,30,100,0,Left,Left,22,12,21,21,nan,nan,0.00
6/27/2024 14:31:18,1.17.0,Bandit,18,4.01,1,30,100,0,Pellet,Left,22,12,22,21,0.94,35,nan
6/27/2024 14:31:47,1.17.0,Bandit,18,4.01,nan,30,100,0,Left,Left,23,12,22,22,nan,nan,0.37
6/27/2024 14:31:52,1.17.0,Bandit,18,4.01,2,30,100,0,Pellet,Left,23,12,23,22,0.06,34,nan
6/27/2024 14:32:10,1.17.0,Bandit,18,4.01,nan,30,100,0,Left,Left,24,12,23,23,nan,nan,0.93
6/27/2024 14:32:16,1.17.0,Bandit,18,4.01,1,30,100,0,Pellet,Left,24,12,24,23,2.15,23,nan
6/27/2024 14:32:45,1.17.0,Bandit,18,4.02,nan,30,100,0,Left,Left,25,12,24,24,nan,nan,0.05
6/27/2024 14:32:48,1.17.0,Bandit,18,4.01,1,30,100,0,Pellet,Left,25,12,25,24,0.06,33,nan
6/27/2024 14:33:06,1.17.0,Bandit,18,4.01,nan,30,100,0,Left,Left,26,12,25,25,nan,nan,0.02
6/27/2024 14:33:09,1.17.0,Bandit,18,4.01,1,30,100,0,Pellet,Left,26,12,26,25,0.06,21,nan
6/27/2024 14:33:40,1.17.0,Bandit,18,4.01,nan,30,100,0,Left,Left,27,12,26,26,nan,nan,0.19
6/27/2024 14:33:43,1.17.0,Bandit,18,4.02,1,30,100,0,Pellet,Left,27,12,27,26,0.06,34,nan
6/27/2024 14:34:00,1.17.0,Bandit,18,4.02,nan,30,100,0,Left,Left,28,12,27,27,nan,nan,0.02
6/27/2024 14:34:03,1.17.0,Bandit,18,4.02,1,30,100,0,Pellet,Left,28,12,28,27,0.06,20,nan
6/27/2024 14:34:17,1.17.0,Bandit,18,4.01,nan,30,100,0,Left,Left,29,12,28,28,nan,nan,0.21
6/27/2024 14:34:21,1.17.0,Bandit,18,4.01,1,30,100,0,Pellet,Left,29,12,29,28,0.06,18,nan
6/27/2024 14:34:45,1.17.0,Bandit,18,4.01,nan,30,100,0,Left,Left,30,12,29,29,nan,nan,0.00
6/27/2024 14:34:52,1.17.0,Bandit,18,4.02,3,30,100,0,Pellet,Left,30,12,30,29,0.06,31,nan
6/27/2024 14:35:40,1.17.0,Bandit,18,4.01,nan,30,0,100,Left,Right,31,12,30,0,nan,nan,0.01
6/27/2024 14:35:44,1.17.0,Bandit,18,4.01,nan,30,0,100,LeftinTimeOut,Right,31,12,30,0,nan,nan,nan
6/27/2024 14:35:46,1.17.0,Bandit,18,4.01,nan,30,0,100,LeftinTimeOut,Right,31,12,30,0,nan,nan,nan
6/27/2024 14:35:51,1.17.0,Bandit,18,4.01,nan,30,0,100,LeftinTimeOut,Right,31,12,30,0,nan,nan,nan
6/27/2024 14:35:54,1.17.0,Bandit,18,4.01,nan,30,0,100,LeftinTimeOut,Right,31,12,30,0,nan,nan,nan
6/27/2024 14:35:56,1.17.0,Bandit,18,4.01,nan,30,0,100,LeftinTimeOut,Right,31,12,30,0,nan,nan,nan
6/27/2024 14:35:57,1.17.0,Bandit,18,4.01,nan,30,0,100,LeftinTimeOut,Right,31,12,30,0,nan,nan,nan
6/27/2024 14:35:58,1.17.0,Bandit,18,4.01,nan,30,0,100,LeftinTimeOut,Right,31,12,30,0,nan,nan,nan
6/27/2024 14:36:00,1.17.0,Bandit,18,4.01,nan,30,0,100,LeftinTimeOut,Right,31,12,30,0,nan,nan,nan
6/27/2024 14:36:01,1.17.0,Bandit,18,4.01,nan,30,0,100,LeftinTimeOut,Right,31,12,30,0,nan,nan,nan
6/27/2024 14:36:02,1.17.0,Bandit,18,4.01,nan,30,0,100,LeftinTimeOut,Right,31,12,30,0,nan,nan,nan
6/27/2024 14:36:13,1.17.0,Bandit,18,4.01,nan,30,0,100,Left,Right,32,12,30,0,nan,nan,0.00
6/27/2024 14:36:14,1.17.0,Bandit,18,4.01,nan,30,0,100,LeftinTimeOut,Right,32,12,30,0,nan,nan,nan
6/27/2024 14:36:15,1.17.0,Bandit,18,4.01,nan,30,0,100,LeftinTimeOut,Right,32,12,30,0,nan,nan,nan
6/27/2024 14:36:16,1.17.0,Bandit,18,4.01,nan,30,0,100,LeftinTimeOut,Right,32,12,30,0,nan,nan,nan
6/27/2024 14:36:17,1.17.0,Bandit,18,4.01,nan,30,0,100,LeftinTimeOut,Right,32,12,30,0,nan,nan,nan
6/27/2024 14:36:19,1.17.0,Bandit,18,4.01,nan,30,0,100,LeftinTimeOut,Right,32,12,30,0,nan,nan,nan
6/27/2024 14:37:05,1.17.0,Bandit,18,4.01,nan,30,0,100,Left,Right,33,12,30,0,nan,nan,0.43
6/27/2024 14:37:06,1.17.0,Bandit,18,4.01,nan,30,0,100,LeftinTimeOut,Right,33,12,30,0,nan,nan,nan
6/27/2024 14:37:08,1.17.0,Bandit,18,4.02,nan,30,0,100,LeftinTimeOut,Right,33,12,30,0,nan,nan,nan
6/27/2024 14:37:08,1.17.0,Bandit,18,4.01,nan,30,0,100,LeftinTimeOut,Right,33,12,30,0,nan,nan,nan
6/27/2024 14:37:09,1.17.0,Bandit,18,4.01,nan,30,0,100,LeftinTimeOut,Right,33,12,30,0,nan,nan,nan
6/27/2024 14:37:10,1.17.0,Bandit,18,4.02,nan,30,0,100,LeftinTimeOut,Right,33,12,30,0,nan,nan,nan
6/27/2024 14:37:12,1.17.0,Bandit,18,4.02,nan,30,0,100,LeftinTimeOut,Right,33,12,30,0,nan,nan,nan
6/27/2024 14:37:15,1.17.0,Bandit,18,4.02,nan,30,0,100,LeftinTimeOut,Right,33,12,30,0,nan,nan,nan
6/27/2024 14:37:15,1.17.0,Bandit,18,4.01,nan,30,0,100,LeftinTimeOut,Right,33,12,30,0,nan,nan,nan
6/27/2024 14:38:46,1.17.0,Bandit,18,4.00,nan,30,0,100,Left,Right,34,12,30,0,nan,nan,0.55
6/27/2024 14:38:47,1.17.0,Bandit,18,4.01,nan,30,0,100,LeftinTimeOut,Right,34,12,30,0,nan,nan,nan
6/27/2024 14:38:50,1.17.0,Bandit,18,4.01,nan,30,0,100,LeftinTimeOut,Right,34,12,30,0,nan,nan,nan
6/27/2024 14:38:51,1.17.0,Bandit,18,4.01,nan,30,0,100,LeftinTimeOut,Right,34,12,30,0,nan,nan,nan
6/27/2024 14:38:51,1.17.0,Bandit,18,4.01,nan,30,0,100,LeftinTimeOut,Right,34,12,30,0,nan,nan,nan
6/27/2024 14:39:39,1.17.0,Bandit,18,4.02,nan,30,0,100,Right,Right,34,13,30,0,nan,nan,0.03
6/27/2024 14:39:42,1.17.0,Bandit,18,4.02,1,30,0,100,Pellet,Right,34,13,31,0,0.06,290,nan
6/27/2024 14:40:30,1.17.0,Bandit,18,4.01,nan,30,0,100,Left,Right,35,13,31,1,nan,nan,0.16
6/27/2024 14:40:39,1.17.0,Bandit,18,4.02,nan,30,0,100,LeftinTimeOut,Right,35,13,31,1,nan,nan,nan
6/27/2024 14:40:39,1.17.0,Bandit,18,4.01,nan,30,0,100,LeftinTimeOut,Right,35,13,31,1,nan,nan,nan
6/27/2024 14:40:40,1.17.0,Bandit,18,4.01,nan,30,0,100,LeftinTimeOut,Right,35,13,31,1,nan,nan,nan
6/27/2024 14:40:40,1.17.0,Bandit,18,4.02,nan,30,0,100,LeftinTimeOut,Right,35,13,31,1,nan,nan,nan
6/27/2024 14:40:42,1.17.0,Bandit,18,4.01,nan,30,0,100,LeftinTimeOut,Right,35,13,31,1,nan,nan,nan
6/27/2024 14:40:43,1.17.0,Bandit,18,4.01,nan,30,0,100,LeftinTimeOut,Right,35,13,31,1,nan,nan,nan
6/27/2024 14:40:44,1.17.0,Bandit,18,4.02,nan,30,0,100,LeftinTimeOut,Right,35,13,31,1,nan,nan,nan
6/27/2024 14:40:44,1.17.0,Bandit,18,4.01,nan,30,0,100,LeftinTimeOut,Right,35,13,31,1,nan,nan,nan
6/27/2024 14:40:45,1.17.0,Bandit,18,4.00,nan,30,0,100,LeftinTimeOut,Right,35,13,31,1,nan,nan,nan
6/27/2024 14:40:46,1.17.0,Bandit,18,4.01,nan,30,0,100,LeftinTimeOut,Right,35,13,31,1,nan,nan,nan
6/27/2024 14:40:46,1.17.0,Bandit,18,4.01,nan,30,0,100,LeftinTimeOut,Right,35,13,31,1,nan,nan,nan
6/27/2024 14:40:50,1.17.0,Bandit,18,4.01,nan,30,0,100,LeftinTimeOut,Right,35,13,31,1,nan,nan,nan
6/27/2024 14:40:51,1.17.0,Bandit,18,4.01,nan,30,0,100,LeftinTimeOut,Right,35,13,31,1,nan,nan,nan
6/27/2024 14:40:52,1.17.0,Bandit,18,4.01,nan,30,0,100,LeftinTimeOut,Right,35,13,31,1,nan,nan,nan
6/27/2024 14:40:52,1.17.0,Bandit,18,4.02,nan,30,0,100,LeftinTimeOut,Right,35,13,31,1,nan,nan,nan
6/27/2024 14:40:53,1.17.0,Bandit,18,4.01,nan,30,0,100,LeftinTimeOut,Right,35,13,31,1,nan,nan,nan
6/27/2024 14:40:53,1.17.0,Bandit,18,4.01,nan,30,0,100,LeftinTimeOut,Right,35,13,31,1,nan,nan,nan
6/27/2024 14:40:57,1.17.0,Bandit,18,4.01,nan,30,0,100,LeftinTimeOut,Right,35,13,31,1,nan,nan,nan
6/27/2024 14:40:59,1.17.0,Bandit,18,4.02,nan,30,0,100,LeftinTimeOut,Right,35,13,31,1,nan,nan,nan
6/27/2024 14:41:16,1.17.0,Bandit,18,4.01,nan,30,0,100,Right,Right,35,14,31,1,nan,nan,0.53
6/27/2024 14:41:19,1.17.0,Bandit,18,4.01,1,30,0,100,Pellet,Right,35,14,32,1,0.06,97,nan
6/27/2024 14:41:44,1.17.0,Bandit,18,4.02,nan,30,0,100,Left,Right,36,14,32,2,nan,nan,0.03
6/27/2024 14:41:45,1.17.0,Bandit,18,4.01,nan,30,0,100,LeftinTimeOut,Right,36,14,32,2,nan,nan,nan
6/27/2024 14:41:49,1.17.0,Bandit,18,4.01,nan,30,0,100,LeftinTimeOut,Right,36,14,32,2,nan,nan,nan
6/27/2024 14:41:51,1.17.0,Bandit,18,4.01,nan,30,0,100,LeftinTimeOut,Right,36,14,32,2,nan,nan,nan
6/27/2024 14:41:51,1.17.0,Bandit,18,4.01,nan,30,0,100,LeftinTimeOut,Right,36,14,32,2,nan,nan,nan
6/27/2024 14:41:53,1.17.0,Bandit,18,4.02,nan,30,0,100,LeftinTimeOut,Right,36,14,32,2,nan,nan,nan
6/27/2024 14:41:53,1.17.0,Bandit,18,4.01,nan,30,0,100,LeftinTimeOut,Right,36,14,32,2,nan,nan,nan
6/27/2024 14:41:54,1.17.0,Bandit,18,4.01,nan,30,0,100,LeftinTimeOut,Right,36,14,32,2,nan,nan,nan
6/27/2024 14:41:55,1.17.0,Bandit,18,4.01,nan,30,0,100,LeftinTimeOut,Right,36,14,32,2,nan,nan,nan
6/27/2024 14:41:57,1.17.0,Bandit,18,4.01,nan,30,0,100,LeftinTimeOut,Right,36,14,32,2,nan,nan,nan
6/27/2024 14:42:10,1.17.0,Bandit,18,4.01,nan,30,0,100,LeftinTimeOut,Right,36,14,32,2,nan,nan,nan
6/27/2024 14:42:11,1.17.0,Bandit,18,4.01,nan,30,0,100,LeftinTimeOut,Right,36,14,32,2,nan,nan,nan
6/27/2024 14:42:13,1.17.0,Bandit,18,4.01,nan,30,0,100,LeftinTimeOut,Right,36,14,32,2,nan,nan,nan
6/27/2024 14:42:17,1.17.0,Bandit,18,4.01,nan,30,0,100,LeftinTimeOut,Right,36,14,32,2,nan,nan,nan
6/27/2024 14:42:20,1.17.0,Bandit,18,4.01,nan,30,0,100,LeftinTimeOut,Right,36,14,32,2,nan,nan,nan
6/27/2024 14:42:37,1.17.0,Bandit,18,4.01,nan,30,0,100,Left,Right,37,14,32,2,nan,nan,0.09
6/27/2024 14:43:47,1.17.0,Bandit,18,4.02,nan,30,0,100,Left,Right,38,14,32,2,nan,nan,0.03
6/27/2024 14:43:56,1.17.0,Bandit,18,4.01,nan,30,0,100,LeftinTimeOut,Right,38,14,32,2,nan,nan,nan
6/27/2024 14:43:58,1.17.0,Bandit,18,4.02,nan,30,0,100,LeftinTimeOut,Right,38,14,32,2,nan,nan,nan
6/27/2024 14:44:28,1.17.0,Bandit,18,4.01,nan,30,0,100,Left,Right,39,14,32,2,nan,nan,0.41
6/27/2024 14:44:34,1.17.0,Bandit,18,4.02,nan,30,0,100,LeftinTimeOut,Right,39,14,32,2,nan,nan,nan
6/27/2024 14:44:35,1.17.0,Bandit,18,4.01,nan,30,0,100,LeftinTimeOut,Right,39,14,32,2,nan,nan,nan
6/27/2024 14:44:35,1.17.0,Bandit,18,4.01,nan,30,0,100,LeftinTimeOut,Right,39,14,32,2,nan,nan,nan
6/27/2024 14:44:36,1.17.0,Bandit,18,4.02,nan,30,0,100,LeftinTimeOut,Right,39,14,32,2,nan,nan,nan
6/27/2024 14:44:37,1.17.0,Bandit,18,3.99,nan,30,0,100,LeftinTimeOut,Right,39,14,32,2,nan,nan,nan
6/27/2024 14:44:38,1.17.0,Bandit,18,4.01,nan,30,0,100,LeftinTimeOut,Right,39,14,32,2,nan,nan,nan
6/27/2024 14:44:41,1.17.0,Bandit,18,4.01,nan,30,0,100,LeftinTimeOut,Right,39,14,32,2,nan,nan,nan
6/27/2024 14:44:42,1.17.0,Bandit,18,4.01,nan,30,0,100,LeftinTimeOut,Right,39,14,32,2,nan,nan,nan
6/27/2024 14:44:46,1.17.0,Bandit,18,4.02,nan,30,0,100,LeftinTimeOut,Right,39,14,32,2,nan,nan,nan
6/27/2024 14:45:24,1.17.0,Bandit,18,4.01,nan,30,0,100,Left,Right,40,14,32,2,nan,nan,0.24
6/27/2024 14:45:26,1.17.0,Bandit,18,4.02,nan,30,0,100,LeftinTimeOut,Right,40,14,32,2,nan,nan,nan
6/27/2024 14:45:26,1.17.0,Bandit,18,4.01,nan,30,0,100,LeftinTimeOut,Right,40,14,32,2,nan,nan,nan
6/27/2024 14:45:28,1.17.0,Bandit,18,4.01,nan,30,0,100,LeftinTimeOut,Right,40,14,32,2,nan,nan,nan
6/27/2024 14:45:28,1.17.0,Bandit,18,4.01,nan,30,0,100,LeftinTimeOut,Right,40,14,32,2,nan,nan,nan
6/27/2024 14:45:30,1.17.0,Bandit,18,4.01,nan,30,0,100,LeftinTimeOut,Right,40,14,32,2,nan,nan,nan
6/27/2024 14:45:30,1.17.0,Bandit,18,4.01,nan,30,0,100,LeftinTimeOut,Right,40,14,32,2,nan,nan,nan
6/27/2024 14:45:31,1.17.0,Bandit,18,4.01,nan,30,0,100,LeftinTimeOut,Right,40,14,32,2,nan,nan,nan
6/27/2024 14:45:32,1.17.0,Bandit,18,4.02,nan,30,0,100,LeftinTimeOut,Right,40,14,32,2,nan,nan,nan
6/27/2024 14:45:33,1.17.0,Bandit,18,4.02,nan,30,0,100,LeftinTimeOut,Right,40,14,32,2,nan,nan,nan
6/27/2024 14:45:34,1.17.0,Bandit,18,4.01,nan,30,0,100,LeftinTimeOut,Right,40,14,32,2,nan,nan,nan
6/27/2024 14:45:35,1.17.0,Bandit,18,4.02,nan,30,0,100,LeftinTimeOut,Right,40,14,32,2,nan,nan,nan
6/27/2024 14:45:42,1.17.0,Bandit,18,4.01,nan,30,0,100,LeftinTimeOut,Right,40,14,32,2,nan,nan,nan
6/27/2024 14:45:43,1.17.0,Bandit,18,4.01,nan,30,0,100,LeftinTimeOut,Right,40,14,32,2,nan,nan,nan
6/27/2024 14:45:44,1.17.0,Bandit,18,4.01,nan,30,0,100,LeftinTimeOut,Right,40,14,32,2,nan,nan,nan
6/27/2024 14:45:44,1.17.0,Bandit,18,4.01,nan,30,0,100,LeftinTimeOut,Right,40,14,32,2,nan,nan,nan
6/27/2024 14:45:45,1.17.0,Bandit,18,3.99,nan,30,0,100,LeftinTimeOut,Right,40,14,32,2,nan,nan,nan
6/27/2024 14:50:58,1.17.0,Bandit,18,4.02,nan,30,0,100,Right,Right,40,15,32,2,nan,nan,0.24
6/27/2024 14:51:01,1.17.0,Bandit,18,4.01,1,30,0,100,Pellet,Right,40,15,33,2,0.06,582,nan
6/27/2024 14:51:25,1.17.0,Bandit,18,4.02,nan,30,0,100,Right,Right,40,16,33,3,nan,nan,0.03
6/27/2024 14:51:29,1.17.0,Bandit,18,4.01,1,30,0,100,Pellet,Right,40,16,34,3,0.06,28,nan
6/27/2024 14:51:51,1.17.0,Bandit,18,4.02,nan,30,0,100,Right,Right,40,17,34,4,nan,nan,0.20
6/27/2024 14:51:55,1.17.0,Bandit,18,4.02,1,30,0,100,Pellet,Right,40,17,35,4,0.06,26,nan
6/27/2024 14:52:34,1.17.0,Bandit,18,4.01,nan,30,0,100,Right,Right,40,18,35,5,nan,nan,0.08
6/27/2024 14:52:37,1.17.0,Bandit,18,4.01,1,30,0,100,Pellet,Right,40,18,36,5,0.06,42,nan
6/27/2024 14:52:49,1.17.0,Bandit,18,4.01,nan,30,0,100,Right,Right,40,19,36,6,nan,nan,0.33
6/27/2024 14:52:54,1.17.0,Bandit,18,4.01,2,30,0,100,Pellet,Right,40,19,37,6,0.12,17,nan
6/27/2024 14:52:59,1.17.0,Bandit,18,4.00,nan,30,0,100,Right,Right,40,20,37,7,nan,nan,0.23
6/27/2024 14:53:02,1.17.0,Bandit,18,4.00,1,30,0,100,Pellet,Right,40,20,38,7,0.19,8,nan
6/27/2024 14:53:05,1.17.0,Bandit,18,4.00,nan,30,0,100,Right,Right,40,21,38,8,nan,nan,0.08
6/27/2024 14:53:08,1.17.0,Bandit,18,4.00,1,30,0,100,Pellet,Right,40,21,39,8,0.06,6,nan
6/27/2024 14:53:24,1.17.0,Bandit,18,4.00,nan,30,0,100,Right,Right,40,22,39,9,nan,nan,0.36
6/27/2024 14:53:27,1.17.0,Bandit,18,4.02,1,30,0,100,Pellet,Right,40,22,40,9,0.06,19,nan
6/27/2024 14:53:44,1.17.0,Bandit,18,4.00,nan,30,0,100,Right,Right,40,23,40,10,nan,nan,0.41
6/27/2024 14:53:49,1.17.0,Bandit,18,4.01,2,30,0,100,Pellet,Right,40,23,41,10,0.12,22,nan
6/27/2024 14:53:54,1.17.0,Bandit,18,4.01,nan,30,0,100,Right,Right,40,24,41,11,nan,nan,0.27
6/27/2024 14:53:57,1.17.0,Bandit,18,4.01,1,30,0,100,Pellet,Right,40,24,42,11,0.06,8,nan
6/27/2024 14:54:11,1.17.0,Bandit,18,4.01,nan,30,0,100,Right,Right,40,25,42,12,nan,nan,0.02
6/27/2024 14:54:15,1.17.0,Bandit,18,4.01,1,30,0,100,Pellet,Right,40,25,43,12,0.06,18,nan
6/27/2024 14:54:32,1.17.0,Bandit,18,4.01,nan,30,0,100,Right,Right,40,26,43,13,nan,nan,0.29
6/27/2024 14:54:35,1.17.0,Bandit,18,4.01,2,30,0,100,Pellet,Right,40,26,44,13,0.06,20,nan
6/27/2024 14:54:51,1.17.0,Bandit,18,4.01,nan,30,0,100,Right,Right,40,27,44,14,nan,nan,0.21
6/27/2024 14:54:54,1.17.0,Bandit,18,4.01,1,30,0,100,Pellet,Right,40,27,45,14,0.06,19,nan
6/27/2024 14:55:15,1.17.0,Bandit,18,4.01,nan,30,0,100,Left,Right,41,27,45,15,nan,nan,0.61
6/27/2024 14:55:21,1.17.0,Bandit,18,4.01,nan,30,0,100,LeftinTimeOut,Right,41,27,45,15,nan,nan,nan
6/27/2024 14:55:22,1.17.0,Bandit,18,4.02,nan,30,0,100,LeftinTimeOut,Right,41,27,45,15,nan,nan,nan
6/27/2024 14:55:36,1.17.0,Bandit,18,4.01,nan,30,0,100,LeftinTimeOut,Right,41,27,45,15,nan,nan,nan
6/27/2024 14:55:37,1.17.0,Bandit,18,4.02,nan,30,0,100,LeftinTimeOut,Right,41,27,45,15,nan,nan,nan
6/27/2024 14:55:37,1.17.0,Bandit,18,4.01,nan,30,0,100,LeftinTimeOut,Right,41,27,45,15,nan,nan,nan
6/27/2024 14:56:38,1.17.0,Bandit,18,4.01,nan,30,0,100,Right,Right,41,28,45,15,nan,nan,0.29
6/27/2024 14:56:43,1.17.0,Bandit,18,4.01,2,30,0,100,Pellet,Right,41,28,46,15,0.06,109,nan
6/27/2024 14:57:25,1.17.0,Bandit,18,4.02,nan,30,0,100,Right,Right,41,29,46,16,nan,nan,0.07
6/27/2024 14:57:28,1.17.0,Bandit,18,4.02,2,30,0,100,Pellet,Right,41,29,47,16,0.06,45,nan
6/27/2024 14:57:50,1.17.0,Bandit,18,4.01,nan,30,0,100,Right,Right,41,30,47,17,nan,nan,0.18
6/27/2024 14:57:56,1.17.0,Bandit,18,4.02,2,30,0,100,Pellet,Right,41,30,48,17,0.06,28,nan
6/27/2024 14:58:09,1.17.0,Bandit,18,4.01,nan,30,0,100,Right,Right,41,31,48,18,nan,nan,0.19
6/27/2024 14:58:12,1.17.0,Bandit,18,4.02,1,30,0,100,Pellet,Right,41,31,49,18,0.06,16,nan
6/27/2024 14:58:30,1.17.0,Bandit,18,4.01,nan,30,0,100,Right,Right,41,32,49,19,nan,nan,0.11
6/27/2024 14:58:33,1.17.0,Bandit,18,4.01,1,30,0,100,Pellet,Right,41,32,50,19,0.06,21,nan
6/27/2024 14:58:55,1.17.0,Bandit,18,4.02,nan,30,0,100,Right,Right,41,33,50,20,nan,nan,0.15
6/27/2024 14:58:58,1.17.0,Bandit,18,4.00,1,30,0,100,Pellet,Right,41,33,51,20,0.06,25,nan
6/27/2024 14:59:20,1.17.0,Bandit,18,4.01,nan,30,0,100,Right,Right,41,34,51,21,nan,nan,0.50
6/27/2024 14:59:26,1.17.0,Bandit,18,4.01,2,30,0,100,Pellet,Right,41,34,52,21,0.06,28,nan
6/27/2024 14:59:37,1.17.0,Bandit,18,4.02,nan,30,0,100,Right,Right,41,35,52,22,nan,nan,0.10
6/27/2024 14:59:40,1.17.0,Bandit,18,4.01,1,30,0,100,Pellet,Right,41,35,53,22,0.06,14,nan
6/27/2024 15:00:00,1.17.0,Bandit,18,4.01,nan,30,0,100,Right,Right,41,36,53,23,nan,nan,0.05
6/27/2024 15:00:03,1.17.0,Bandit,18,4.01,1,30,0,100,Pellet,Right,41,36,54,23,0.06,23,nan
6/27/2024 15:00:30,1.17.0,Bandit,18,4.01,nan,30,0,100,Right,Right,41,37,54,24,nan,nan,0.06
6/27/2024 15:00:33,1.17.0,Bandit,18,4.01,1,30,0,100,Pellet,Right,41,37,55,24,0.06,30,nan
6/27/2024 15:00:49,1.17.0,Bandit,18,4.01,nan,30,0,100,Right,Right,41,38,55,25,nan,nan,0.24
6/27/2024 15:00:52,1.17.0,Bandit,18,4.00,1,30,0,100,Pellet,Right,41,38,56,25,0.06,19,nan
6/27/2024 15:01:28,1.17.0,Bandit,18,4.01,nan,30,0,100,Right,Right,41,39,56,26,nan,nan,0.15
6/27/2024 15:01:33,1.17.0,Bandit,18,4.01,3,30,0,100,Pellet,Right,41,39,57,26,0.06,41,nan
6/27/2024 15:02:05,1.17.0,Bandit,18,4.01,nan,30,0,100,Right,Right,41,40,57,27,nan,nan,0.16
6/27/2024 15:02:08,1.17.0,Bandit,18,4.01,2,30,0,100,Pellet,Right,41,40,58,27,0.06,35,nan
6/27/2024 15:02:31,1.17.0,Bandit,18,4.01,nan,30,0,100,Right,Right,41,41,58,28,nan,nan,0.08
6/27/2024 15:02:34,1.17.0,Bandit,18,4.01,2,30,0,100,Pellet,Right,41,41,59,28,0.06,26,nan
6/27/2024 15:03:03,1.17.0,Bandit,18,4.01,nan,30,0,100,Right,Right,41,42,59,29,nan,nan,0.34
6/27/2024 15:03:09,1.17.0,Bandit,18,4.01,2,30,0,100,Pellet,Right,41,42,60,29,0.06,35,nan
6/27/2024 15:03:33,1.17.0,Bandit,18,4.00,nan,30,100,0,Right,Left,41,43,60,0,nan,nan,0.10
6/27/2024 15:04:44,1.17.0,Bandit,18,4.01,nan,30,100,0,Right,Left,41,44,60,0,nan,nan,0.05
6/27/2024 15:04:51,1.17.0,Bandit,18,4.01,nan,30,100,0,LeftinTimeOut,Left,41,44,60,0,nan,nan,nan
6/27/2024 15:04:55,1.17.0,Bandit,18,4.01,nan,30,100,0,LeftinTimeOut,Left,41,44,60,0,nan,nan,nan
6/27/2024 15:06:16,1.17.0,Bandit,18,3.98,nan,30,100,0,Right,Left,41,45,60,0,nan,nan,0.33
6/27/2024 15:12:29,1.17.0,Bandit,18,4.01,nan,30,100,0,Left,Left,42,45,60,0,nan,nan,0.35
6/27/2024 15:12:32,1.17.0,Bandit,18,4.01,1,30,100,0,Pellet,Left,42,45,61,0,0.19,563,nan
6/27/2024 15:13:05,1.17.0,Bandit,18,4.01,nan,30,100,0,Left,Left,43,45,61,1,nan,nan,0.22
6/27/2024 15:13:09,1.17.0,Bandit,18,4.01,1,30,100,0,Pellet,Left,43,45,62,1,0.06,37,nan
6/27/2024 15:13:23,1.17.0,Bandit,18,4.01,nan,30,100,0,Right,Left,43,46,62,2,nan,nan,0.07
6/27/2024 15:13:41,1.17.0,Bandit,18,4.01,nan,30,100,0,Left,Left,44,46,62,2,nan,nan,0.10
6/27/2024 15:13:44,1.17.0,Bandit,18,4.01,2,30,100,0,Pellet,Left,44,46,63,2,0.06,35,nan
6/27/2024 15:14:12,1.17.0,Bandit,18,4.01,nan,30,100,0,Left,Left,45,46,63,3,nan,nan,0.57
6/27/2024 15:14:15,1.17.0,Bandit,18,4.01,1,30,100,0,Pellet,Left,45,46,64,3,0.12,31,nan
6/27/2024 15:15:01,1.17.0,Bandit,18,4.01,nan,30,100,0,Right,Left,45,47,64,4,nan,nan,0.18
6/27/2024 15:15:50,1.17.0,Bandit,18,4.00,nan,30,100,0,Left,Left,46,47,64,4,nan,nan,0.05
6/27/2024 15:15:54,1.17.0,Bandit,18,4.00,1,30,100,0,Pellet,Left,46,47,65,4,0.19,99,nan
6/27/2024 15:16:28,1.17.0,Bandit,18,4.01,nan,30,100,0,Left,Left,47,47,65,5,nan,nan,0.04
6/27/2024 15:16:31,1.17.0,Bandit,18,4.01,1,30,100,0,Pellet,Left,47,47,66,5,0.06,37,nan
6/27/2024 15:16:54,1.17.0,Bandit,18,4.02,nan,30,100,0,Right,Left,47,48,66,6,nan,nan,0.04
6/27/2024 15:17:03,1.17.0,Bandit,18,4.00,nan,30,100,0,LeftinTimeOut,Left,47,48,66,6,nan,nan,nan
6/27/2024 15:17:05,1.17.0,Bandit,18,4.01,nan,30,100,0,LeftinTimeOut,Left,47,48,66,6,nan,nan,nan
6/27/2024 15:17:05,1.17.0,Bandit,18,4.00,nan,30,100,0,LeftinTimeOut,Left,47,48,66,6,nan,nan,nan
6/27/2024 15:17:06,1.17.0,Bandit,18,4.01,nan,30,100,0,LeftinTimeOut,Left,47,48,66,6,nan,nan,nan
6/27/2024 15:17:08,1.17.0,Bandit,18,4.00,nan,30,100,0,LeftinTimeOut,Left,47,48,66,6,nan,nan,nan
6/27/2024 15:17:11,1.17.0,Bandit,18,4.01,nan,30,100,0,LeftinTimeOut,Left,47,48,66,6,nan,nan,nan
6/27/2024 15:17:36,1.17.0,Bandit,18,4.01,nan,30,100,0,Right,Left,47,49,66,6,nan,nan,0.07
6/27/2024 15:19:47,1.17.0,Bandit,18,4.01,nan,30,100,0,Right,Left,47,50,66,6,nan,nan,0.01
6/27/2024 15:21:35,1.17.0,Bandit,18,4.01,nan,30,100,0,Right,Left,47,51,66,6,nan,nan,0.07
6/27/2024 15:22:44,1.17.0,Bandit,18,4.01,nan,30,100,0,Right,Left,47,52,66,6,nan,nan,0.12
6/27/2024 15:23:02,1.17.0,Bandit,18,4.01,nan,30,100,0,Right,Left,47,53,66,6,nan,nan,0.12
6/27/2024 15:23:42,1.17.0,Bandit,18,4.01,nan,30,100,0,Right,Left,47,54,66,6,nan,nan,0.03
6/27/2024 15:54:05,1.17.0,Bandit,18,4.00,nan,30,100,0,Right,Left,47,55,66,6,nan,nan,0.10
6/27/2024 16:07:00,1.17.0,Bandit,18,4.01,nan,30,100,0,Right,Left,47,56,66,6,nan,nan,0.54
6/27/2024 16:07:26,1.17.0,Bandit,18,4.01,nan,30,100,0,Right,Left,47,57,66,6,nan,nan,0.12
6/27/2024 16:53:05,1.17.0,Bandit,18,4.00,nan,30,100,0,Left,Left,48,57,66,6,nan,nan,0.10
6/27/2024 16:53:29,1.17.0,Bandit,18,4.00,nan,30,100,0,RightWithPellet,Left,48,58,66,6,nan,nan,0.49
6/27/2024 16:53:30,1.17.0,Bandit,18,4.00,nan,30,100,0,RightWithPellet,Left,48,59,66,6,nan,nan,0.17
6/27/2024 16:53:37,1.17.0,Bandit,18,4.00,nan,30,100,0,LeftWithPellet,Left,48,59,66,6,nan,nan,0.19
6/27/2024 16:53:38,1.17.0,Bandit,18,4.00,nan,30,100,0,LeftWithPellet,Left,48,59,66,6,nan,nan,0.28
6/27/2024 16:53:39,1.17.0,Bandit,18,4.00,nan,30,100,0,LeftWithPellet,Left,48,59,66,6,nan,nan,0.26
6/27/2024 16:53:40,1.17.0,Bandit,18,4.00,nan,30,100,0,LeftWithPellet,Left,48,59,66,6,nan,nan,0.01
6/27/2024 16:53:41,1.17.0,Bandit,18,4.00,nan,30,100,0,LeftWithPellet,Left,48,59,66,6,nan,nan,0.32
6/27/2024 16:53:41,1.17.0,Bandit,18,4.00,1,30,100,0,Pellet,Left,48,59,67,6,33.18,5830,nan
6/27/2024 16:53:42,1.17.0,Bandit,18,4.00,nan,30,100,0,Left,Left,49,59,67,7,nan,nan,0.24
6/27/2024 16:53:56,1.17.0,Bandit,18,4.00,3,30,100,0,Pellet,Left,49,59,68,7,6.03,15,nan
6/27/2024 16:55:15,1.17.0,Bandit,18,4.00,nan,30,100,0,Left,Left,50,59,68,8,nan,nan,1.04
6/27/2024 16:55:19,1.17.0,Bandit,18,4.00,1,30,100,0,Pellet,Left,50,59,69,8,0.44,83,nan
6/27/2024 16:56:11,1.17.0,Bandit,18,4.00,nan,30,100,0,Left,Left,51,59,69,9,nan,nan,0.56
6/27/2024 16:56:16,1.17.0,Bandit,18,4.00,nan,30,100,0,RightWithPellet,Left,51,60,69,9,nan,nan,0.02
6/27/2024 16:56:35,1.17.0,Bandit,18,4.00,1,30,100,0,Pellet,Left,51,60,70,9,20.41,76,nan
6/27/2024 16:58:50,1.17.0,Bandit,18,4.00,nan,30,100,0,Left,Left,52,60,70,10,nan,nan,0.63
6/27/2024 16:58:54,1.17.0,Bandit,18,4.00,1,30,100,0,Pellet,Left,52,60,71,10,0.56,139,nan
6/27/2024 16:59:34,1.17.0,Bandit,18,4.00,nan,30,100,0,Left,Left,53,60,71,11,nan,nan,0.13
6/27/2024 16:59:51,1.17.0,Bandit,18,4.00,2,30,100,0,Pellet,Left,53,60,72,11,11.37,57,nan
6/27/2024 17:00:18,1.17.0,Bandit,18,4.00,nan,30,100,0,Left,Left,54,60,72,12,nan,nan,0.03
6/27/2024 17:00:22,1.17.0,Bandit,18,4.00,1,30,100,0,Pellet,Left,54,60,73,12,0.44,31,nan
6/27/2024 17:00:37,1.17.0,Bandit,18,4.00,nan,30,100,0,Left,Left,55,60,73,13,nan,nan,0.02
6/27/2024 17:00:41,1.17.0,Bandit,18,4.00,1,30,100,0,Pellet,Left,55,60,74,13,0.50,19,nan
6/27/2024 17:01:04,1.17.0,Bandit,18,4.00,nan,30,100,0,Left,Left,56,60,74,14,nan,nan,0.36
6/27/2024 17:01:30,1.17.0,Bandit,18,3.98,3,30,100,0,Pellet,Left,56,60,75,14,20.02,49,nan
6/27/2024 17:01:34,1.17.0,Bandit,18,4.00,nan,30,100,0,Left,Left,57,60,75,15,nan,nan,0.71
6/27/2024 17:01:37,1.17.0,Bandit,18,4.00,2,30,100,0,Pellet,Left,57,60,76,15,0.06,7,nan
6/27/2024 17:01:59,1.17.0,Bandit,18,4.00,nan,30,100,0,Left,Left,58,60,76,16,nan,nan,0.10
6/27/2024 17:02:04,1.17.0,Bandit,18,4.00,2,30,100,0,Pellet,Left,58,60,77,16,1.39,27,nan
6/27/2024 17:02:40,1.17.0,Bandit,18,4.00,nan,30,100,0,Left,Left,59,60,77,17,nan,nan,0.20
6/27/2024 17:02:44,1.17.0,Bandit,18,4.00,2,30,100,0,Pellet,Left,59,60,78,17,0.06,39,nan
6/27/2024 17:03:40,1.17.0,Bandit,18,4.00,nan,30,100,0,Right,Left,59,61,78,18,nan,nan,0.07
6/27/2024 17:06:11,1.17.0,Bandit,18,4.00,nan,30,100,0,Right,Left,59,62,78,18,nan,nan,0.14
6/27/2024 17:19:12,1.17.0,Bandit,18,4.00,nan,30,100,0,Left,Left,60,62,78,18,nan,nan,0.02
6/27/2024 17:19:15,1.17.0,Bandit,18,4.00,1,30,100,0,Pellet,Left,60,62,79,18,0.12,992,nan
6/27/2024 17:19:32,1.17.0,Bandit,18,4.00,nan,30,100,0,Right,Left,60,63,79,19,nan,nan,0.05
6/27/2024 17:19:41,1.17.0,Bandit,18,4.00,nan,30,100,0,LeftinTimeOut,Left,60,63,79,19,nan,nan,nan
6/27/2024 17:19:44,1.17.0,Bandit,18,4.00,nan,30,100,0,LeftinTimeOut,Left,60,63,79,19,nan,nan,nan
6/27/2024 17:19:50,1.17.0,Bandit,18,4.00,nan,30,100,0,LeftinTimeOut,Left,60,63,79,19,nan,nan,nan
6/27/2024 17:19:54,1.17.0,Bandit,18,4.00,nan,30,100,0,LeftinTimeOut,Left,60,63,79,19,nan,nan,nan
6/27/2024 17:20:06,1.17.0,Bandit,18,4.00,nan,30,100,0,Left,Left,61,63,79,19,nan,nan,0.24
6/27/2024 17:20:09,1.17.0,Bandit,18,4.00,1,30,100,0,Pellet,Left,61,63,80,19,0.06,54,nan
6/27/2024 17:21:02,1.17.0,Bandit,18,4.00,nan,30,100,0,Left,Left,62,63,80,20,nan,nan,0.93
6/27/2024 17:21:08,1.17.0,Bandit,18,4.00,3,30,100,0,Pellet,Left,62,63,81,20,0.06,59,nan
6/27/2024 17:22:34,1.17.0,Bandit,18,4.00,nan,30,100,0,Left,Left,63,63,81,21,nan,nan,0.00
6/27/2024 17:22:37,1.17.0,Bandit,18,4.00,2,30,100,0,Pellet,Left,63,63,82,21,0.06,89,nan
6/27/2024 17:23:06,1.17.0,Bandit,18,4.00,nan,30,100,0,Left,Left,64,63,82,22,nan,nan,0.06
6/27/2024 17:23:09,1.17.0,Bandit,18,4.00,2,30,100,0,Pellet,Left,64,63,83,22,0.06,32,nan
6/27/2024 17:23:49,1.17.0,Bandit,18,4.00,nan,30,100,0,Left,Left,65,63,83,23,nan,nan,0.45
6/27/2024 17:23:54,1.17.0,Bandit,18,4.00,2,30,100,0,Pellet,Left,65,63,84,23,0.06,45,nan
6/27/2024 17:24:14,1.17.0,Bandit,18,4.00,nan,30,100,0,Left,Left,66,63,84,24,nan,nan,0.11
6/27/2024 17:24:20,1.17.0,Bandit,18,4.00,2,30,100,0,Pellet,Left,66,63,85,24,0.06,26,nan
6/27/2024 17:25:03,1.17.0,Bandit,18,4.00,nan,30,100,0,Left,Left,67,63,85,25,nan,nan,0.63
6/27/2024 17:25:11,1.17.0,Bandit,18,4.00,3,30,100,0,Pellet,Left,67,63,86,25,0.06,51,nan
6/27/2024 17:26:37,1.17.0,Bandit,18,4.00,nan,30,100,0,Left,Left,68,63,86,26,nan,nan,0.62
6/27/2024 17:26:40,1.17.0,Bandit,18,4.00,1,30,100,0,Pellet,Left,68,63,87,26,0.06,89,nan
6/27/2024 17:27:01,1.17.0,Bandit,18,4.00,nan,30,100,0,Left,Left,69,63,87,27,nan,nan,0.11
6/27/2024 17:27:04,1.17.0,Bandit,18,4.00,1,30,100,0,Pellet,Left,69,63,88,27,0.06,24,nan
6/27/2024 17:27:38,1.17.0,Bandit,18,4.00,nan,30,100,0,Left,Left,70,63,88,28,nan,nan,0.36
6/27/2024 17:27:42,1.17.0,Bandit,18,4.00,2,30,100,0,Pellet,Left,70,63,89,28,0.06,38,nan
6/27/2024 17:27:50,1.17.0,Bandit,18,4.00,nan,30,100,0,Left,Left,71,63,89,29,nan,nan,0.58
6/27/2024 17:27:54,1.17.0,Bandit,18,4.00,1,30,100,0,Pellet,Left,71,63,90,29,0.06,12,nan
6/27/2024 17:28:22,1.17.0,Bandit,18,4.00,nan,30,0,100,Left,Right,72,63,90,0,nan,nan,0.39
6/27/2024 17:28:27,1.17.0,Bandit,18,4.00,nan,30,0,100,LeftinTimeOut,Right,72,63,90,0,nan,nan,nan
6/27/2024 17:28:27,1.17.0,Bandit,18,4.00,nan,30,0,100,LeftinTimeOut,Right,72,63,90,0,nan,nan,nan
6/27/2024 17:28:28,1.17.0,Bandit,18,4.00,nan,30,0,100,LeftinTimeOut,Right,72,63,90,0,nan,nan,nan
6/27/2024 17:28:32,1.17.0,Bandit,18,4.00,nan,30,0,100,LeftinTimeOut,Right,72,63,90,0,nan,nan,nan
6/27/2024 17:45:54,1.17.0,Bandit,18,4.00,nan,30,0,100,Left,Right,73,63,90,0,nan,nan,0.07
6/27/2024 17:45:55,1.17.0,Bandit,18,4.00,nan,30,0,100,LeftinTimeOut,Right,73,63,90,0,nan,nan,nan
6/27/2024 17:45:57,1.17.0,Bandit,18,4.00,nan,30,0,100,LeftinTimeOut,Right,73,63,90,0,nan,nan,nan
6/27/2024 17:46:01,1.17.0,Bandit,18,4.00,nan,30,0,100,LeftinTimeOut,Right,73,63,90,0,nan,nan,nan
6/27/2024 17:46:05,1.17.0,Bandit,18,4.00,nan,30,0,100,LeftinTimeOut,Right,73,63,90,0,nan,nan,nan
6/27/2024 17:59:30,1.17.0,Bandit,18,4.00,nan,30,0,100,Left,Right,74,63,90,0,nan,nan,0.36
6/27/2024 17:59:34,1.17.0,Bandit,18,4.00,nan,30,0,100,LeftinTimeOut,Right,74,63,90,0,nan,nan,nan
6/27/2024 17:59:36,1.17.0,Bandit,18,4.00,nan,30,0,100,LeftinTimeOut,Right,74,63,90,0,nan,nan,nan
6/27/2024 17:59:44,1.17.0,Bandit,18,4.00,nan,30,0,100,LeftinTimeOut,Right,74,63,90,0,nan,nan,nan
6/27/2024 18:00:03,1.17.0,Bandit,18,4.00,nan,30,0,100,Right,Right,74,64,90,0,nan,nan,0.26
6/27/2024 18:00:07,1.17.0,Bandit,18,4.00,1,30,0,100,Pellet,Right,74,64,91,0,0.06,1933,nan
6/27/2024 18:07:36,1.17.0,Bandit,18,4.00,nan,30,0,100,Left,Right,75,64,91,1,nan,nan,0.59
6/27/2024 18:07:38,1.17.0,Bandit,18,4.00,nan,30,0,100,LeftinTimeOut,Right,75,64,91,1,nan,nan,nan
6/27/2024 18:07:40,1.17.0,Bandit,18,4.00,nan,30,0,100,LeftinTimeOut,Right,75,64,91,1,nan,nan,nan
6/27/2024 18:07:41,1.17.0,Bandit,18,4.00,nan,30,0,100,LeftinTimeOut,Right,75,64,91,1,nan,nan,nan
6/27/2024 18:07:44,1.17.0,Bandit,18,4.00,nan,30,0,100,LeftinTimeOut,Right,75,64,91,1,nan,nan,nan
6/27/2024 18:07:47,1.17.0,Bandit,18,4.00,nan,30,0,100,LeftinTimeOut,Right,75,64,91,1,nan,nan,nan
6/27/2024 18:07:49,1.17.0,Bandit,18,4.00,nan,30,0,100,LeftinTimeOut,Right,75,64,91,1,nan,nan,nan
6/27/2024 18:07:53,1.17.0,Bandit,18,4.00,nan,30,0,100,LeftinTimeOut,Right,75,64,91,1,nan,nan,nan
6/27/2024 18:07:55,1.17.0,Bandit,18,4.00,nan,30,0,100,LeftinTimeOut,Right,75,64,91,1,nan,nan,nan
6/27/2024 18:08:23,1.17.0,Bandit,18,4.00,nan,30,0,100,Left,Right,76,64,91,1,nan,nan,0.74
6/27/2024 18:08:26,1.17.0,Bandit,18,4.00,nan,30,0,100,LeftinTimeOut,Right,76,64,91,1,nan,nan,nan
6/27/2024 18:08:27,1.17.0,Bandit,18,4.00,nan,30,0,100,LeftinTimeOut,Right,76,64,91,1,nan,nan,nan
6/27/2024 18:08:31,1.17.0,Bandit,18,4.00,nan,30,0,100,LeftinTimeOut,Right,76,64,91,1,nan,nan,nan
6/27/2024 18:21:54,1.17.0,Bandit,18,4.00,nan,30,0,100,Left,Right,77,64,91,1,nan,nan,0.12
6/27/2024 18:21:58,1.17.0,Bandit,18,4.00,nan,30,0,100,LeftinTimeOut,Right,77,64,91,1,nan,nan,nan
6/27/2024 18:21:58,1.17.0,Bandit,18,4.00,nan,30,0,100,LeftinTimeOut,Right,77,64,91,1,nan,nan,nan
6/27/2024 18:21:59,1.17.0,Bandit,18,4.00,nan,30,0,100,LeftinTimeOut,Right,77,64,91,1,nan,nan,nan
6/27/2024 18:22:02,1.17.0,Bandit,18,4.00,nan,30,0,100,LeftinTimeOut,Right,77,64,91,1,nan,nan,nan
6/27/2024 18:22:05,1.17.0,Bandit,18,4.00,nan,30,0,100,LeftinTimeOut,Right,77,64,91,1,nan,nan,nan
6/27/2024 18:22:20,1.17.0,Bandit,18,4.00,nan,30,0,100,Right,Right,77,65,91,1,nan,nan,0.42
6/27/2024 18:22:25,1.17.0,Bandit,18,4.00,2,30,0,100,Pellet,Right,77,65,92,1,0.06,1338,nan
6/27/2024 18:23:00,1.17.0,Bandit,18,4.00,nan,30,0,100,Left,Right,78,65,92,2,nan,nan,0.28
6/27/2024 18:23:04,1.17.0,Bandit,18,4.00,nan,30,0,100,LeftinTimeOut,Right,78,65,92,2,nan,nan,nan
6/27/2024 18:23:04,1.17.0,Bandit,18,4.00,nan,30,0,100,LeftinTimeOut,Right,78,65,92,2,nan,nan,nan
6/27/2024 18:23:04,1.17.0,Bandit,18,4.00,nan,30,0,100,LeftinTimeOut,Right,78,65,92,2,nan,nan,nan
6/27/2024 18:23:05,1.17.0,Bandit,18,4.00,nan,30,0,100,LeftinTimeOut,Right,78,65,92,2,nan,nan,nan
6/27/2024 18:23:05,1.17.0,Bandit,18,4.00,nan,30,0,100,LeftinTimeOut,Right,78,65,92,2,nan,nan,nan
6/27/2024 18:23:05,1.17.0,Bandit,18,4.00,nan,30,0,100,LeftinTimeOut,Right,78,65,92,2,nan,nan,nan
6/27/2024 18:23:06,1.17.0,Bandit,18,3.97,nan,30,0,100,LeftinTimeOut,Right,78,65,92,2,nan,nan,nan
6/27/2024 18:23:07,1.17.0,Bandit,18,4.00,nan,30,0,100,LeftinTimeOut,Right,78,65,92,2,nan,nan,nan
6/27/2024 18:23:08,1.17.0,Bandit,18,3.99,nan,30,0,100,LeftinTimeOut,Right,78,65,92,2,nan,nan,nan
6/27/2024 18:23:09,1.17.0,Bandit,18,4.00,nan,30,0,100,LeftinTimeOut,Right,78,65,92,2,nan,nan,nan
6/27/2024 18:26:38,1.17.0,Bandit,18,4.00,nan,30,0,100,Left,Right,79,65,92,2,nan,nan,0.16
6/27/2024 18:26:40,1.17.0,Bandit,18,4.00,nan,30,0,100,LeftinTimeOut,Right,79,65,92,2,nan,nan,nan
6/27/2024 18:33:50,1.17.0,Bandit,18,4.00,nan,30,0,100,Left,Right,80,65,92,2,nan,nan,0.13
6/27/2024 18:33:53,1.17.0,Bandit,18,4.00,nan,30,0,100,LeftinTimeOut,Right,80,65,92,2,nan,nan,nan
6/27/2024 18:33:54,1.17.0,Bandit,18,4.00,nan,30,0,100,LeftinTimeOut,Right,80,65,92,2,nan,nan,nan
6/27/2024 18:33:54,1.17.0,Bandit,18,4.00,nan,30,0,100,LeftinTimeOut,Right,80,65,92,2,nan,nan,nan
6/27/2024 18:33:55,1.17.0,Bandit,18,4.00,nan,30,0,100,LeftinTimeOut,Right,80,65,92,2,nan,nan,nan
6/27/2024 18:33:56,1.17.0,Bandit,18,4.00,nan,30,0,100,LeftinTimeOut,Right,80,65,92,2,nan,nan,nan
6/27/2024 18:34:01,1.17.0,Bandit,18,4.00,nan,30,0,100,LeftinTimeOut,Right,80,65,92,2,nan,nan,nan
6/27/2024 18:38:39,1.17.0,Bandit,18,4.00,nan,30,0,100,Left,Right,81,65,92,2,nan,nan,0.02
6/27/2024 18:38:41,1.17.0,Bandit,18,4.00,nan,30,0,100,LeftinTimeOut,Right,81,65,92,2,nan,nan,nan
6/27/2024 18:38:42,1.17.0,Bandit,18,4.00,nan,30,0,100,LeftinTimeOut,Right,81,65,92,2,nan,nan,nan
6/27/2024 18:38:45,1.17.0,Bandit,18,3.98,nan,30,0,100,LeftinTimeOut,Right,81,65,92,2,nan,nan,nan
6/27/2024 18:38:48,1.17.0,Bandit,18,4.00,nan,30,0,100,LeftinTimeOut,Right,81,65,92,2,nan,nan,nan
6/27/2024 18:46:13,1.17.0,Bandit,18,4.00,nan,30,0,100,Left,Right,82,65,92,2,nan,nan,0.14
6/27/2024 18:47:53,1.17.0,Bandit,18,4.00,nan,30,0,100,Left,Right,83,65,92,2,nan,nan,0.10
6/27/2024 18:47:57,1.17.0,Bandit,18,4.00,nan,30,0,100,LeftinTimeOut,Right,83,65,92,2,nan,nan,nan
6/27/2024 18:54:29,1.17.0,Bandit,18,4.00,nan,30,0,100,Left,Right,84,65,92,2,nan,nan,0.04
6/27/2024 18:54:34,1.17.0,Bandit,18,4.00,nan,30,0,100,LeftinTimeOut,Right,84,65,92,2,nan,nan,nan
6/27/2024 18:54:37,1.17.0,Bandit,18,4.00,nan,30,0,100,LeftinTimeOut,Right,84,65,92,2,nan,nan,nan
6/27/2024 18:55:43,1.17.0,Bandit,18,3.99,nan,30,0,100,Right,Right,84,66,92,2,nan,nan,0.21
6/27/2024 18:55:46,1.17.0,Bandit,18,4.00,1,30,0,100,Pellet,Right,84,66,93,2,0.06,2001,nan
6/27/2024 18:56:25,1.17.0,Bandit,18,4.00,nan,30,0,100,Left,Right,85,66,93,3,nan,nan,0.02
6/27/2024 18:56:38,1.17.0,Bandit,18,4.00,nan,30,0,100,LeftinTimeOut,Right,85,66,93,3,nan,nan,nan
6/27/2024 18:56:46,1.17.0,Bandit,18,4.00,nan,30,0,100,LeftinTimeOut,Right,85,66,93,3,nan,nan,nan
6/27/2024 18:56:46,1.17.0,Bandit,18,4.00,nan,30,0,100,LeftinTimeOut,Right,85,66,93,3,nan,nan,nan
6/27/2024 18:56:47,1.17.0,Bandit,18,4.00,nan,30,0,100,LeftinTimeOut,Right,85,66,93,3,nan,nan,nan
6/27/2024 18:56:47,1.17.0,Bandit,18,4.00,nan,30,0,100,LeftinTimeOut,Right,85,66,93,3,nan,nan,nan
6/27/2024 18:56:50,1.17.0,Bandit,18,4.00,nan,30,0,100,LeftinTimeOut,Right,85,66,93,3,nan,nan,nan
6/27/2024 19:02:21,1.17.0,Bandit,18,4.00,nan,30,0,100,Left,Right,86,66,93,3,nan,nan,0.13
6/27/2024 19:02:28,1.17.0,Bandit,18,4.00,nan,30,0,100,LeftinTimeOut,Right,86,66,93,3,nan,nan,nan
6/27/2024 19:03:29,1.17.0,Bandit,18,4.00,nan,30,0,100,Right,Right,86,67,93,3,nan,nan,0.13
6/27/2024 19:03:33,1.17.0,Bandit,18,4.00,1,30,0,100,Pellet,Right,86,67,94,3,0.06,466,nan
6/27/2024 19:04:03,1.17.0,Bandit,18,4.00,nan,30,0,100,Right,Right,86,68,94,4,nan,nan,0.04
6/27/2024 19:04:09,1.17.0,Bandit,18,4.00,3,30,0,100,Pellet,Right,86,68,95,4,0.06,37,nan
6/27/2024 19:04:47,1.17.0,Bandit,18,4.00,nan,30,0,100,Right,Right,86,69,95,5,nan,nan,0.16
6/27/2024 19:04:52,1.17.0,Bandit,18,4.00,2,30,0,100,Pellet,Right,86,69,96,5,0.06,43,nan
6/27/2024 19:09:19,1.17.0,Bandit,18,4.00,nan,30,0,100,Left,Right,87,69,96,6,nan,nan,0.07
6/27/2024 19:09:22,1.17.0,Bandit,18,4.00,nan,30,0,100,LeftinTimeOut,Right,87,69,96,6,nan,nan,nan
6/27/2024 19:17:58,1.17.0,Bandit,18,4.00,nan,30,0,100,Right,Right,87,70,96,6,nan,nan,0.44
6/27/2024 19:18:01,1.17.0,Bandit,18,4.00,1,30,0,100,Pellet,Right,87,70,97,6,0.06,789,nan
6/27/2024 19:18:31,1.17.0,Bandit,18,4.00,nan,30,0,100,Right,Right,87,71,97,7,nan,nan,0.03
6/27/2024 19:18:34,1.17.0,Bandit,18,4.00,1,30,0,100,Pellet,Right,87,71,98,7,0.06,33,nan
6/27/2024 19:19:05,1.17.0,Bandit,18,4.00,nan,30,0,100,Right,Right,87,72,98,8,nan,nan,0.11
6/27/2024 19:19:08,1.17.0,Bandit,18,4.00,1,30,0,100,Pellet,Right,87,72,99,8,0.06,34,nan
6/27/2024 19:19:22,1.17.0,Bandit,18,3.98,nan,30,0,100,Right,Right,87,73,99,9,nan,nan,0.07
6/27/2024 19:19:26,1.17.0,Bandit,18,4.00,1,30,0,100,Pellet,Right,87,73,100,9,0.06,18,nan
6/27/2024 19:19:41,1.17.0,Bandit,18,4.00,nan,30,0,100,Right,Right,87,74,100,10,nan,nan,0.09
6/27/2024 19:19:44,1.17.0,Bandit,18,4.00,1,30,0,100,Pellet,Right,87,74,101,10,0.06,18,nan
6/27/2024 19:20:25,1.17.0,Bandit,18,4.00,nan,30,0,100,Right,Right,87,75,101,11,nan,nan,0.03
6/27/2024 19:20:30,1.17.0,Bandit,18,4.00,2,30,0,100,Pellet,Right,87,75,102,11,0.06,46,nan
6/27/2024 19:20:57,1.17.0,Bandit,18,4.00,nan,30,0,100,Right,Right,87,76,102,12,nan,nan,0.17
6/27/2024 19:21:02,1.17.0,Bandit,18,4.00,2,30,0,100,Pellet,Right,87,76,103,12,0.06,32,nan
6/27/2024 19:23:39,1.17.0,Bandit,18,4.00,nan,30,0,100,Right,Right,87,77,103,13,nan,nan,0.00
6/27/2024 19:23:44,1.17.0,Bandit,18,4.00,2,30,0,100,Pellet,Right,87,77,104,13,0.06,162,nan
6/27/2024 19:23:57,1.17.0,Bandit,18,4.00,nan,30,0,100,Right,Right,87,78,104,14,nan,nan,0.05
6/27/2024 19:24:00,1.17.0,Bandit,18,3.96,1,30,0,100,Pellet,Right,87,78,105,14,0.06,16,nan
6/27/2024 19:24:24,1.17.0,Bandit,18,4.00,nan,30,0,100,Right,Right,87,79,105,15,nan,nan,0.04
6/27/2024 19:24:28,1.17.0,Bandit,18,3.99,1,30,0,100,Pellet,Right,87,79,106,15,0.06,28,nan
6/27/2024 19:24:48,1.17.0,Bandit,18,3.99,nan,30,0,100,Right,Right,87,80,106,16,nan,nan,0.18
6/27/2024 19:24:51,1.17.0,Bandit,18,3.99,1,30,0,100,Pellet,Right,87,80,107,16,0.06,23,nan
6/27/2024 19:25:45,1.17.0,Bandit,18,3.99,nan,30,0,100,Right,Right,87,81,107,17,nan,nan,0.06
6/27/2024 19:25:51,1.17.0,Bandit,18,4.00,2,30,0,100,Pellet,Right,87,81,108,17,0.06,60,nan
6/27/2024 19:26:40,1.17.0,Bandit,18,4.00,nan,30,0,100,Right,Right,87,82,108,18,nan,nan,0.06
6/27/2024 19:26:44,1.17.0,Bandit,18,4.00,1,30,0,100,Pellet,Right,87,82,109,18,0.06,53,nan
6/27/2024 19:27:33,1.17.0,Bandit,18,3.99,nan,30,0,100,Right,Right,87,83,109,19,nan,nan,0.02
6/27/2024 19:27:36,1.17.0,Bandit,18,4.00,1,30,0,100,Pellet,Right,87,83,110,19,0.06,52,nan
6/27/2024 19:30:55,1.17.0,Bandit,18,4.00,nan,30,0,100,Right,Right,87,84,110,20,nan,nan,0.00
6/27/2024 19:30:58,1.17.0,Bandit,18,3.99,1,30,0,100,Pellet,Right,87,84,111,20,0.06,202,nan
6/27/2024 19:43:06,1.17.0,Bandit,18,4.00,nan,30,0,100,Right,Right,87,85,111,21,nan,nan,0.03
6/27/2024 19:43:09,1.17.0,Bandit,18,3.99,1,30,0,100,Pellet,Right,87,85,112,21,0.06,731,nan
6/27/2024 19:44:12,1.17.0,Bandit,18,3.99,nan,30,0,100,Left,Right,88,85,112,22,nan,nan,0.19
6/27/2024 19:44:15,1.17.0,Bandit,18,4.00,nan,30,0,100,LeftinTimeOut,Right,88,85,112,22,nan,nan,nan
6/27/2024 19:53:55,1.17.0,Bandit,18,4.00,nan,30,0,100,Right,Right,88,86,112,22,nan,nan,0.46
6/27/2024 19:53:59,1.17.0,Bandit,18,3.99,1,30,0,100,Pellet,Right,88,86,113,22,0.06,650,nan
6/27/2024 19:54:30,1.17.0,Bandit,18,3.99,nan,30,0,100,Right,Right,88,87,113,23,nan,nan,0.02
6/27/2024 19:54:33,1.17.0,Bandit,18,3.99,1,30,0,100,Pellet,Right,88,87,114,23,0.06,34,nan
6/27/2024 19:54:56,1.17.0,Bandit,18,4.00,nan,30,0,100,Right,Right,88,88,114,24,nan,nan,0.12
6/27/2024 19:55:00,1.17.0,Bandit,18,4.00,1,30,0,100,Pellet,Right,88,88,115,24,0.06,27,nan
6/27/2024 19:55:31,1.17.0,Bandit,18,4.00,nan,30,0,100,Right,Right,88,89,115,25,nan,nan,0.12
6/27/2024 19:55:37,1.17.0,Bandit,18,3.99,2,30,0,100,Pellet,Right,88,89,116,25,0.06,37,nan
6/27/2024 19:56:15,1.17.0,Bandit,18,3.98,nan,30,0,100,Right,Right,88,90,116,26,nan,nan,0.34
6/27/2024 19:56:19,1.17.0,Bandit,18,4.00,1,30,0,100,Pellet,Right,88,90,117,26,0.06,42,nan
6/27/2024 19:56:57,1.17.0,Bandit,18,4.00,nan,30,0,100,Right,Right,88,91,117,27,nan,nan,0.07
6/27/2024 19:57:00,1.17.0,Bandit,18,3.99,1,30,0,100,Pellet,Right,88,91,118,27,0.06,41,nan
6/27/2024 19:57:58,1.17.0,Bandit,18,4.00,nan,30,0,100,Right,Right,88,92,118,28,nan,nan,0.45
6/27/2024 19:58:02,1.17.0,Bandit,18,4.00,1,30,0,100,Pellet,Right,88,92,119,28,0.06,62,nan
6/27/2024 20:02:24,1.17.0,Bandit,18,4.00,nan,30,0,100,Right,Right,88,93,119,29,nan,nan,0.02
6/27/2024 20:02:27,1.17.0,Bandit,18,3.99,1,30,0,100,Pellet,Right,88,93,120,29,0.06,265,nan
6/27/2024 20:04:56,1.17.0,Bandit,18,4.00,nan,30,100,0,Right,Left,88,94,120,0,nan,nan,0.05
6/27/2024 20:07:51,1.17.0,Bandit,18,3.99,nan,30,100,0,Right,Left,88,95,120,0,nan,nan,0.05
6/27/2024 20:08:54,1.17.0,Bandit,18,3.99,nan,30,100,0,Right,Left,88,96,120,0,nan,nan,0.07
6/27/2024 20:16:45,1.17.0,Bandit,18,3.99,nan,30,100,0,Right,Left,88,97,120,0,nan,nan,0.02
6/27/2024 20:17:41,1.17.0,Bandit,18,3.99,nan,30,100,0,Right,Left,88,98,120,0,nan,nan,0.27
6/27/2024 20:31:47,1.17.0,Bandit,18,3.99,nan,30,100,0,Left,Left,89,98,120,0,nan,nan,0.01
6/27/2024 20:31:50,1.17.0,Bandit,18,3.97,1,30,100,0,Pellet,Left,89,98,121,0,0.06,1763,nan
6/27/2024 20:32:48,1.17.0,Bandit,18,4.00,nan,30,100,0,Left,Left,90,98,121,1,nan,nan,0.12
6/27/2024 20:32:53,1.17.0,Bandit,18,3.99,2,30,100,0,Pellet,Left,90,98,122,1,0.06,63,nan
6/27/2024 20:33:21,1.17.0,Bandit,18,4.00,nan,30,100,0,Left,Left,91,98,122,2,nan,nan,0.07
6/27/2024 20:33:24,1.17.0,Bandit,18,3.99,1,30,100,0,Pellet,Left,91,98,123,2,0.06,31,nan
6/27/2024 20:33:54,1.17.0,Bandit,18,4.00,nan,30,100,0,Left,Left,92,98,123,3,nan,nan,0.23
6/27/2024 20:33:57,1.17.0,Bandit,18,4.00,1,30,100,0,Pellet,Left,92,98,124,3,0.06,33,nan
6/27/2024 20:34:35,1.17.0,Bandit,18,3.98,nan,30,100,0,Left,Left,93,98,124,4,nan,nan,0.26
6/27/2024 20:34:37,1.17.0,Bandit,18,4.00,1,30,100,0,Pellet,Left,93,98,125,4,0.06,40,nan
6/27/2024 20:34:42,1.17.0,Bandit,18,3.99,nan,30,100,0,Left,Left,94,98,125,5,nan,nan,0.16
6/27/2024 20:34:45,1.17.0,Bandit,18,4.00,1,30,100,0,Pellet,Left,94,98,126,5,0.06,8,nan
6/27/2024 20:35:21,1.17.0,Bandit,18,4.00,nan,30,100,0,Left,Left,95,98,126,6,nan,nan,0.03
6/27/2024 20:35:24,1.17.0,Bandit,18,3.99,1,30,100,0,Pellet,Left,95,98,127,6,0.06,39,nan
6/27/2024 20:36:15,1.17.0,Bandit,18,4.00,nan,30,100,0,Left,Left,96,98,127,7,nan,nan,0.23
6/27/2024 20:36:19,1.17.0,Bandit,18,3.99,2,30,100,0,Pellet,Left,96,98,128,7,0.19,55,nan
6/27/2024 20:37:00,1.17.0,Bandit,18,4.00,nan,30,100,0,Left,Left,97,98,128,8,nan,nan,0.09
6/27/2024 20:37:03,1.17.0,Bandit,18,4.00,1,30,100,0,Pellet,Left,97,98,129,8,0.12,44,nan
6/27/2024 20:37:41,1.17.0,Bandit,18,4.00,nan,30,100,0,Left,Left,98,98,129,9,nan,nan,0.36
6/27/2024 20:37:44,1.17.0,Bandit,18,3.99,1,30,100,0,Pellet,Left,98,98,130,9,0.19,41,nan
6/27/2024 20:38:02,1.17.0,Bandit,18,4.00,nan,30,100,0,Left,Left,99,98,130,10,nan,nan,0.04
6/27/2024 20:38:06,1.17.0,Bandit,18,4.00,1,30,100,0,Pellet,Left,99,98,131,10,0.06,21,nan
6/27/2024 20:38:35,1.17.0,Bandit,18,4.00,nan,30,100,0,Left,Left,100,98,131,11,nan,nan,0.24
6/27/2024 20:38:38,1.17.0,Bandit,18,4.00,1,30,100,0,Pellet,Left,100,98,132,11,0.06,33,nan
6/27/2024 20:38:56,1.17.0,Bandit,18,3.99,nan,30,100,0,Left,Left,101,98,132,12,nan,nan,0.25
6/27/2024 20:39:00,1.17.0,Bandit,18,3.99,1,30,100,0,Pellet,Left,101,98,133,12,0.06,22,nan
6/27/2024 20:39:29,1.17.0,Bandit,18,3.99,nan,30,100,0,Left,Left,102,98,133,13,nan,nan,0.39
6/27/2024 20:39:32,1.17.0,Bandit,18,3.99,1,30,100,0,Pellet,Left,102,98,134,13,0.06,32,nan
6/27/2024 20:40:17,1.17.0,Bandit,18,4.00,nan,30,100,0,Left,Left,103,98,134,14,nan,nan,0.05
6/27/2024 20:40:22,1.17.0,Bandit,18,4.00,2,30,100,0,Pellet,Left,103,98,135,14,0.06,50,nan
6/27/2024 20:40:34,1.17.0,Bandit,18,3.99,nan,30,100,0,Left,Left,104,98,135,15,nan,nan,0.26
6/27/2024 20:40:37,1.17.0,Bandit,18,3.99,1,30,100,0,Pellet,Left,104,98,136,15,0.06,15,nan
6/27/2024 20:42:22,1.17.0,Bandit,18,4.00,nan,30,100,0,Right,Left,104,99,136,16,nan,nan,0.00
6/27/2024 20:58:15,1.17.0,Bandit,18,3.99,nan,30,100,0,Right,Left,104,100,136,16,nan,nan,0.67
6/27/2024 20:59:51,1.17.0,Bandit,18,3.99,nan,30,100,0,Right,Left,104,101,136,16,nan,nan,35.09
6/27/2024 21:15:39,1.17.0,Bandit,18,3.99,nan,30,100,0,Left,Left,105,101,136,16,nan,nan,0.03
6/27/2024 21:16:17,1.17.0,Bandit,18,4.00,nan,30,100,0,LeftWithPellet,Left,105,101,136,16,nan,nan,0.01
6/27/2024 21:16:20,1.17.0,Bandit,18,3.99,nan,30,100,0,LeftWithPellet,Left,105,101,136,16,nan,nan,0.12
6/27/2024 21:16:26,1.17.0,Bandit,18,3.99,nan,30,100,0,LeftWithPellet,Left,105,101,136,16,nan,nan,0.25
6/27/2024 21:16:29,1.17.0,Bandit,18,3.99,nan,30,100,0,LeftWithPellet,Left,105,101,136,16,nan,nan,0.34
6/27/2024 21:16:30,1.17.0,Bandit,18,3.97,nan,30,100,0,LeftWithPellet,Left,105,101,136,16,nan,nan,0.47
6/27/2024 21:17:07,1.17.0,Bandit,18,3.99,1,30,100,0,Pellet,Left,105,101,137,16,Timed_out,2190,nan
6/27/2024 21:17:15,1.17.0,Bandit,18,3.99,nan,30,100,0,Left,Left,106,101,137,17,nan,nan,0.47
6/27/2024 21:17:19,1.17.0,Bandit,18,3.99,1,30,100,0,Pellet,Left,106,101,138,17,0.75,12,nan
6/27/2024 21:17:28,1.17.0,Bandit,18,3.99,nan,30,100,0,Left,Left,107,101,138,18,nan,nan,0.07
6/27/2024 21:17:31,1.17.0,Bandit,18,3.99,1,30,100,0,Pellet,Left,107,101,139,18,0.25,12,nan
6/27/2024 21:18:05,1.17.0,Bandit,18,4.00,nan,30,100,0,Left,Left,108,101,139,19,nan,nan,0.37
6/27/2024 21:18:10,1.17.0,Bandit,18,4.00,1,30,100,0,Pellet,Left,108,101,140,19,1.64,38,nan
6/27/2024 21:18:46,1.17.0,Bandit,18,3.99,nan,30,100,0,Left,Left,109,101,140,20,nan,nan,0.28
6/27/2024 21:18:55,1.17.0,Bandit,18,3.99,nan,30,100,0,LeftWithPellet,Left,109,101,140,20,nan,nan,0.26
6/27/2024 21:18:56,1.17.0,Bandit,18,3.99,nan,30,100,0,LeftWithPellet,Left,109,101,140,20,nan,nan,0.00
6/27/2024 21:18:59,1.17.0,Bandit,18,3.99,nan,30,100,0,LeftWithPellet,Left,109,101,140,20,nan,nan,0.31
6/27/2024 21:19:05,1.17.0,Bandit,18,3.99,nan,30,100,0,LeftWithPellet,Left,109,101,140,20,nan,nan,0.32
6/27/2024 21:19:05,1.17.0,Bandit,18,3.99,nan,30,100,0,LeftWithPellet,Left,109,101,140,20,nan,nan,0.10
6/27/2024 21:19:08,1.17.0,Bandit,18,3.99,nan,30,100,0,LeftWithPellet,Left,109,101,140,20,nan,nan,0.03
6/27/2024 21:19:09,1.17.0,Bandit,18,3.99,nan,30,100,0,LeftWithPellet,Left,109,101,140,20,nan,nan,0.10
6/27/2024 21:19:10,1.17.0,Bandit,18,3.99,nan,30,100,0,LeftWithPellet,Left,109,101,140,20,nan,nan,0.36
6/27/2024 21:19:11,1.17.0,Bandit,18,3.99,nan,30,100,0,LeftWithPellet,Left,109,101,140,20,nan,nan,0.54
6/27/2024 21:19:13,1.17.0,Bandit,18,3.99,nan,30,100,0,LeftWithPellet,Left,109,101,140,20,nan,nan,0.34
6/27/2024 21:19:14,1.17.0,Bandit,18,3.99,nan,30,100,0,LeftWithPellet,Left,109,101,140,20,nan,nan,0.01
6/27/2024 21:19:16,1.17.0,Bandit,18,3.98,nan,30,100,0,LeftWithPellet,Left,109,101,140,20,nan,nan,0.82
6/27/2024 21:19:20,1.17.0,Bandit,18,3.99,nan,30,100,0,LeftWithPellet,Left,109,101,140,20,nan,nan,0.27
6/27/2024 21:19:20,1.17.0,Bandit,18,3.99,nan,30,100,0,LeftWithPellet,Left,109,101,140,20,nan,nan,0.13
6/27/2024 21:19:22,1.17.0,Bandit,18,3.98,1,30,100,0,Pellet,Left,109,101,141,20,32.90,73,nan
6/27/2024 21:19:39,1.17.0,Bandit,18,3.99,nan,30,100,0,Left,Left,110,101,141,21,nan,nan,0.06
6/27/2024 21:19:42,1.17.0,Bandit,18,3.98,1,30,100,0,Pellet,Left,110,101,142,21,0.06,20,nan
6/27/2024 22:22:52,1.17.0,Bandit,18,3.99,nan,30,100,0,Right,Left,110,102,142,22,nan,nan,0.04
6/27/2024 22:31:37,1.17.0,Bandit,18,3.98,nan,30,100,0,Left,Left,111,102,142,22,nan,nan,0.00
6/27/2024 22:32:07,1.17.0,Bandit,18,3.99,nan,30,100,0,RightWithPellet,Left,111,103,142,22,nan,nan,0.01
6/27/2024 22:32:09,1.17.0,Bandit,18,3.99,nan,30,100,0,RightWithPellet,Left,111,104,142,22,nan,nan,0.10
6/27/2024 22:32:14,1.17.0,Bandit,18,3.99,nan,30,100,0,RightWithPellet,Left,111,105,142,22,nan,nan,0.55
6/27/2024 22:32:15,1.17.0,Bandit,18,3.96,nan,30,100,0,RightWithPellet,Left,111,106,142,22,nan,nan,0.03
6/27/2024 22:32:23,1.17.0,Bandit,18,3.99,nan,30,100,0,LeftWithPellet,Left,111,106,142,22,nan,nan,0.06
6/27/2024 22:32:25,1.17.0,Bandit,18,3.99,nan,30,100,0,LeftWithPellet,Left,111,106,142,22,nan,nan,0.07
6/27/2024 22:32:27,1.17.0,Bandit,18,3.99,nan,30,100,0,LeftWithPellet,Left,111,106,142,22,nan,nan,0.25
6/27/2024 22:32:30,1.17.0,Bandit,18,3.99,nan,30,100,0,LeftWithPellet,Left,111,106,142,22,nan,nan,0.08
6/27/2024 22:32:31,1.17.0,Bandit,18,3.97,nan,30,100,0,LeftWithPellet,Left,111,106,142,22,nan,nan,0.14
6/27/2024 22:32:37,1.17.0,Bandit,18,3.98,nan,30,100,0,LeftWithPellet,Left,111,106,142,22,nan,nan,0.43
6/27/2024 22:32:38,1.17.0,Bandit,18,3.99,nan,30,100,0,LeftWithPellet,Left,111,106,142,22,nan,nan,0.02
6/27/2024 22:32:39,1.17.0,Bandit,18,3.99,nan,30,100,0,LeftWithPellet,Left,111,106,142,22,nan,nan,0.04
6/27/2024 22:32:40,1.17.0,Bandit,18,3.99,nan,30,100,0,LeftWithPellet,Left,111,106,142,22,nan,nan,0.05
6/27/2024 22:32:44,1.17.0,Bandit,18,3.97,nan,30,100,0,LeftWithPellet,Left,111,106,142,22,nan,nan,0.86
6/27/2024 22:32:45,1.17.0,Bandit,18,3.99,nan,30,100,0,LeftWithPellet,Left,111,106,142,22,nan,nan,0.21
6/27/2024 22:32:46,1.17.0,Bandit,18,3.99,nan,30,100,0,LeftWithPellet,Left,111,106,142,22,nan,nan,0.14
6/27/2024 22:32:47,1.17.0,Bandit,18,3.99,nan,30,100,0,LeftWithPellet,Left,111,106,142,22,nan,nan,0.04
6/27/2024 22:32:49,1.17.0,Bandit,18,3.98,nan,30,100,0,LeftWithPellet,Left,111,106,142,22,nan,nan,0.18
6/27/2024 22:32:57,1.17.0,Bandit,18,3.99,nan,30,100,0,LeftWithPellet,Left,111,106,142,22,nan,nan,0.47
6/27/2024 22:33:13,1.17.0,Bandit,18,3.99,nan,30,100,0,LeftWithPellet,Left,111,106,142,22,nan,nan,0.04
6/27/2024 22:33:19,1.17.0,Bandit,18,3.99,nan,30,100,0,LeftWithPellet,Left,111,106,142,22,nan,nan,0.09
6/27/2024 22:33:41,1.17.0,Bandit,18,3.98,nan,30,100,0,RightWithPellet,Left,111,106,142,22,nan,nan,0.19
6/27/2024 22:33:44,1.17.0,Bandit,18,3.99,nan,30,100,0,RightWithPellet,Left,111,106,142,22,nan,nan,0.20
6/27/2024 22:33:45,1.17.0,Bandit,18,3.99,nan,30,100,0,RightWithPellet,Left,111,106,142,22,nan,nan,0.08
6/27/2024 22:33:46,1.17.0,Bandit,18,4.00,nan,30,100,0,RightWithPellet,Left,111,106,142,22,nan,nan,0.18
6/27/2024 22:33:50,1.17.0,Bandit,18,3.99,nan,30,100,0,RightWithPellet,Left,111,106,142,22,nan,nan,0.27
6/27/2024 22:33:52,1.17.0,Bandit,18,3.99,nan,30,100,0,RightWithPellet,Left,111,106,142,22,nan,nan,0.45
6/27/2024 22:33:53,1.17.0,Bandit,18,3.98,nan,30,100,0,RightWithPellet,Left,111,106,142,22,nan,nan,0.06
6/27/2024 22:33:56,1.17.0,Bandit,18,3.99,nan,30,100,0,RightWithPellet,Left,111,106,142,22,nan,nan,0.87
6/27/2024 22:33:58,1.17.0,Bandit,18,3.99,nan,30,100,0,RightWithPellet,Left,111,106,142,22,nan,nan,0.64
6/27/2024 22:33:59,1.17.0,Bandit,18,4.00,nan,30,100,0,RightWithPellet,Left,111,106,142,22,nan,nan,0.41
6/27/2024 22:34:03,1.17.0,Bandit,18,3.99,nan,30,100,0,RightWithPellet,Left,111,106,142,22,nan,nan,0.03
6/27/2024 22:34:03,1.17.0,Bandit,18,3.99,nan,30,100,0,RightWithPellet,Left,111,106,142,22,nan,nan,0.02
6/27/2024 22:34:05,1.17.0,Bandit,18,3.99,nan,30,100,0,RightWithPellet,Left,111,106,142,22,nan,nan,0.45
6/27/2024 22:34:08,1.17.0,Bandit,18,3.99,nan,30,100,0,RightWithPellet,Left,111,106,142,22,nan,nan,0.69
6/27/2024 22:34:08,1.17.0,Bandit,18,3.99,nan,30,100,0,RightWithPellet,Left,111,106,142,22,nan,nan,0.06
6/27/2024 22:34:09,1.17.0,Bandit,18,3.99,nan,30,100,0,RightWithPellet,Left,111,106,142,22,nan,nan,0.23
6/27/2024 22:34:14,1.17.0,Bandit,18,3.99,nan,30,100,0,RightWithPellet,Left,111,106,142,22,nan,nan,0.56
6/27/2024 22:34:15,1.17.0,Bandit,18,3.98,nan,30,100,0,RightWithPellet,Left,111,106,142,22,nan,nan,0.36
6/27/2024 22:34:19,1.17.0,Bandit,18,3.99,nan,30,100,0,RightWithPellet,Left,111,106,142,22,nan,nan,0.78
6/27/2024 22:34:21,1.17.0,Bandit,18,3.98,nan,30,100,0,RightWithPellet,Left,111,106,142,22,nan,nan,0.12
6/27/2024 22:34:21,1.17.0,Bandit,18,3.98,nan,30,100,0,RightWithPellet,Left,111,106,142,22,nan,nan,0.16
6/27/2024 22:34:29,1.17.0,Bandit,18,3.99,nan,30,100,0,RightWithPellet,Left,111,106,142,22,nan,nan,1.36
6/27/2024 22:34:31,1.17.0,Bandit,18,3.99,nan,30,100,0,RightWithPellet,Left,111,106,142,22,nan,nan,1.10
6/27/2024 22:34:33,1.17.0,Bandit,18,3.98,nan,30,100,0,RightWithPellet,Left,111,106,142,22,nan,nan,0.14
6/27/2024 22:34:36,1.17.0,Bandit,18,3.99,nan,30,100,0,RightWithPellet,Left,111,106,142,22,nan,nan,0.63
6/27/2024 22:36:31,1.17.0,Bandit,18,3.99,1,30,100,0,Pellet,Left,111,106,143,22,Timed_out,4609,nan
6/27/2024 23:24:27,1.17.0,Bandit,18,3.99,nan,30,100,0,Right,Left,111,107,143,23,nan,nan,0.07
6/27/2024 23:29:04,1.17.0,Bandit,18,3.99,nan,30,100,0,Right,Left,111,108,143,23,nan,nan,0.10
6/28/2024 1:35:54,1.17.0,Bandit,18,3.98,nan,30,100,0,Right,Left,111,109,143,23,nan,nan,0.02
6/28/2024 1:37:49,1.17.0,Bandit,18,3.98,nan,30,100,0,Left,Left,112,109,143,23,nan,nan,0.43
6/28/2024 1:37:54,1.17.0,Bandit,18,3.98,2,30,100,0,Pellet,Left,112,109,144,23,0.06,10883,nan
6/28/2024 1:40:09,1.17.0,Bandit,18,3.98,nan,30,100,0,Left,Left,113,109,144,24,nan,nan,0.38
6/28/2024 1:40:14,1.17.0,Bandit,18,3.98,2,30,100,0,Pellet,Left,113,109,145,24,0.06,140,nan
6/28/2024 1:40:50,1.17.0,Bandit,18,3.98,nan,30,100,0,Left,Left,114,109,145,25,nan,nan,0.13
6/28/2024 1:40:53,1.17.0,Bandit,18,3.98,1,30,100,0,Pellet,Left,114,109,146,25,0.06,39,nan
6/28/2024 1:41:19,1.17.0,Bandit,18,3.98,nan,30,100,0,Left,Left,115,109,146,26,nan,nan,0.19
6/28/2024 1:41:23,1.17.0,Bandit,18,3.98,1,30,100,0,Pellet,Left,115,109,147,26,0.06,30,nan
6/28/2024 1:42:06,1.17.0,Bandit,18,3.98,nan,30,100,0,Left,Left,116,109,147,27,nan,nan,0.37
6/28/2024 1:42:09,1.17.0,Bandit,18,3.98,1,30,100,0,Pellet,Left,116,109,148,27,0.06,46,nan
6/28/2024 1:42:32,1.17.0,Bandit,18,3.98,nan,30,100,0,Left,Left,117,109,148,28,nan,nan,0.12
6/28/2024 1:42:37,1.17.0,Bandit,18,3.98,2,30,100,0,Pellet,Left,117,109,149,28,0.06,28,nan
6/28/2024 1:43:47,1.17.0,Bandit,18,3.98,nan,30,100,0,Left,Left,118,109,149,29,nan,nan,0.07
6/28/2024 1:43:51,1.17.0,Bandit,18,3.98,1,30,100,0,Pellet,Left,118,109,150,29,0.06,74,nan
6/28/2024 1:44:12,1.17.0,Bandit,18,3.98,nan,30,0,100,Left,Right,119,109,150,0,nan,nan,0.15
6/28/2024 1:59:02,1.17.0,Bandit,18,3.98,nan,30,0,100,Right,Right,119,110,150,0,nan,nan,0.06
6/28/2024 1:59:06,1.17.0,Bandit,18,3.98,1,30,0,100,Pellet,Right,119,110,151,0,0.06,914,nan
6/28/2024 1:59:13,1.17.0,Bandit,18,3.98,nan,30,0,100,Right,Right,119,111,151,1,nan,nan,0.00
6/28/2024 1:59:18,1.17.0,Bandit,18,3.97,2,30,0,100,Pellet,Right,119,111,152,1,0.06,13,nan
6/28/2024 2:01:37,1.17.0,Bandit,18,3.98,nan,30,0,100,Right,Right,119,112,152,2,nan,nan,0.34
6/28/2024 2:01:42,1.17.0,Bandit,18,3.98,1,30,0,100,Pellet,Right,119,112,153,2,1.77,144,nan
6/28/2024 2:02:24,1.17.0,Bandit,18,3.98,nan,30,0,100,Right,Right,119,113,153,3,nan,nan,0.58
6/28/2024 2:02:29,1.17.0,Bandit,18,3.98,1,30,0,100,Pellet,Right,119,113,154,3,1.01,47,nan
6/28/2024 2:07:04,1.17.0,Bandit,18,3.98,nan,30,0,100,Right,Right,119,114,154,4,nan,nan,0.02
6/28/2024 2:07:09,1.17.0,Bandit,18,3.97,2,30,0,100,Pellet,Right,119,114,155,4,0.19,280,nan
6/28/2024 2:07:15,1.17.0,Bandit,18,3.98,nan,30,0,100,Right,Right,119,115,155,5,nan,nan,0.00
6/28/2024 2:07:19,1.17.0,Bandit,18,3.96,2,30,0,100,Pellet,Right,119,115,156,5,0.06,10,nan
6/28/2024 2:07:53,1.17.0,Bandit,18,3.96,nan,30,0,100,Right,Right,119,116,156,6,nan,nan,0.32
6/28/2024 2:07:57,1.17.0,Bandit,18,3.97,2,30,0,100,Pellet,Right,119,116,157,6,0.06,37,nan
6/28/2024 2:08:14,1.17.0,Bandit,18,3.97,nan,30,0,100,Right,Right,119,117,157,7,nan,nan,16.57
6/28/2024 2:08:21,1.17.0,Bandit,18,3.96,nan,30,0,100,RightDuringDispense,Right,119,117,157,7,nan,nan,3.84
6/28/2024 2:08:24,1.17.0,Bandit,18,3.96,nan,30,0,100,RightDuringDispense,Right,119,117,157,7,nan,nan,0.63
6/28/2024 2:08:25,1.17.0,Bandit,18,3.95,nan,30,0,100,RightDuringDispense,Right,119,117,157,7,nan,nan,0.33
6/28/2024 2:08:26,1.17.0,Bandit,18,3.97,nan,30,0,100,RightDuringDispense,Right,119,117,157,7,nan,nan,0.56
6/28/2024 2:08:29,1.17.0,Bandit,18,3.96,4,30,0,100,Pellet,Right,119,117,158,7,0.06,33,nan
6/28/2024 2:08:35,1.17.0,Bandit,18,3.97,nan,30,0,100,Right,Right,119,118,158,8,nan,nan,4.04
6/28/2024 2:08:38,1.17.0,Bandit,18,3.97,1,30,0,100,Pellet,Right,119,118,159,8,0.06,9,nan
6/28/2024 2:08:40,1.17.0,Bandit,18,3.96,nan,30,0,100,Right,Right,119,119,159,9,nan,nan,0.75
6/28/2024 2:08:43,1.17.0,Bandit,18,3.97,1,30,0,100,Pellet,Right,119,119,160,9,0.06,5,nan
6/28/2024 2:09:34,1.17.0,Bandit,18,3.97,nan,30,0,100,Right,Right,119,120,160,10,nan,nan,47.53
6/28/2024 2:09:38,1.17.0,Bandit,18,3.96,nan,30,0,100,RightDuringDispense,Right,119,120,160,10,nan,nan,1.16
6/28/2024 2:09:40,1.17.0,Bandit,18,3.97,2,30,0,100,Pellet,Right,119,120,161,10,0.06,57,nan
6/28/2024 2:09:41,1.17.0,Bandit,18,3.97,nan,30,0,100,Right,Right,119,121,161,11,nan,nan,0.00
6/28/2024 2:09:52,1.17.0,Bandit,18,3.97,nan,30,0,100,RightDuringDispense,Right,119,121,161,11,nan,nan,7.82
6/28/2024 2:09:58,1.17.0,Bandit,18,3.97,nan,30,0,100,RightDuringDispense,Right,119,121,161,11,nan,nan,3.74
6/28/2024 2:09:58,1.17.0,Bandit,18,3.97,nan,30,0,100,RightDuringDispense,Right,119,121,161,11,nan,nan,0.11
6/28/2024 2:10:00,1.17.0,Bandit,18,3.97,nan,30,0,100,RightDuringDispense,Right,119,121,161,11,nan,nan,0.34
6/28/2024 2:10:00,1.17.0,Bandit,18,3.96,nan,30,0,100,RightDuringDispense,Right,119,121,161,11,nan,nan,0.01
6/28/2024 2:10:03,1.17.0,Bandit,18,3.97,nan,30,0,100,RightDuringDispense,Right,119,121,161,11,nan,nan,0.90
6/28/2024 2:10:04,1.17.0,Bandit,18,3.96,nan,30,0,100,RightWithPellet,Right,119,122,161,11,nan,nan,0.24
6/28/2024 2:10:04,1.17.0,Bandit,18,3.97,4,30,0,100,Pellet,Right,119,122,162,11,0.12,24,nan
6/28/2024 2:10:30,1.17.0,Bandit,18,3.97,nan,30,0,100,Right,Right,119,123,162,12,nan,nan,22.32
6/28/2024 2:10:38,1.17.0,Bandit,18,3.97,nan,30,0,100,RightDuringDispense,Right,119,123,162,12,nan,nan,4.75
6/28/2024 2:10:40,1.17.0,Bandit,18,3.97,nan,30,0,100,RightDuringDispense,Right,119,123,162,12,nan,nan,0.15
6/28/2024 2:10:41,1.17.0,Bandit,18,3.97,nan,30,0,100,RightDuringDispense,Right,119,123,162,12,nan,nan,0.49
6/28/2024 2:10:44,1.17.0,Bandit,18,3.97,nan,30,0,100,RightDuringDispense,Right,119,123,162,12,nan,nan,0.75
6/28/2024 2:10:47,1.17.0,Bandit,18,3.94,nan,30,0,100,RightDuringDispense,Right,119,123,162,12,nan,nan,0.37
6/28/2024 2:10:50,1.17.0,Bandit,18,3.97,5,30,0,100,Pellet,Right,119,123,163,12,0.06,46,nan
6/28/2024 2:10:50,1.17.0,Bandit,18,3.97,nan,30,0,100,Right,Right,119,124,163,13,nan,nan,0.00
6/28/2024 2:10:54,1.17.0,Bandit,18,3.98,1,30,0,100,Pellet,Right,119,124,164,13,0.06,4,nan
6/28/2024 2:10:55,1.17.0,Bandit,18,3.97,nan,30,0,100,Right,Right,119,125,164,14,nan,nan,0.06
6/28/2024 2:10:59,1.17.0,Bandit,18,3.97,1,30,0,100,Pellet,Right,119,125,165,14,0.06,5,nan
6/28/2024 2:11:03,1.17.0,Bandit,18,3.96,nan,30,0,100,Right,Right,119,126,165,15,nan,nan,0.57
6/28/2024 2:11:06,1.17.0,Bandit,18,3.97,1,30,0,100,Pellet,Right,119,126,166,15,0.06,7,nan
6/28/2024 2:11:14,1.17.0,Bandit,18,3.97,nan,30,0,100,Right,Right,119,127,166,16,nan,nan,1.11
6/28/2024 2:11:39,1.17.0,Bandit,18,3.96,nan,30,0,100,RightDuringDispense,Right,119,127,166,16,nan,nan,21.93
6/28/2024 2:11:43,1.17.0,Bandit,18,3.96,nan,30,0,100,RightDuringDispense,Right,119,127,166,16,nan,nan,3.61
6/28/2024 2:11:46,1.17.0,Bandit,18,3.98,nan,30,0,100,RightDuringDispense,Right,119,127,166,16,nan,nan,0.37
6/28/2024 2:11:49,1.17.0,Bandit,18,3.96,nan,30,0,100,RightDuringDispense,Right,119,127,166,16,nan,nan,0.63
6/28/2024 2:11:50,1.17.0,Bandit,18,3.97,nan,30,0,100,RightDuringDispense,Right,119,127,166,16,nan,nan,0.21
6/28/2024 2:11:50,1.17.0,Bandit,18,3.97,3,30,0,100,Pellet,Right,119,127,167,16,0.06,44,nan
6/28/2024 2:12:03,1.17.0,Bandit,18,3.97,nan,30,0,100,Right,Right,119,128,167,17,nan,nan,0.00
6/28/2024 2:12:06,1.17.0,Bandit,18,3.97,nan,30,0,100,RightDuringDispense,Right,119,128,167,17,nan,nan,0.72
6/28/2024 2:12:09,1.17.0,Bandit,18,3.97,2,30,0,100,Pellet,Right,119,128,168,17,0.06,19,nan
6/28/2024 2:12:10,1.17.0,Bandit,18,3.97,nan,30,0,100,Right,Right,119,129,168,18,nan,nan,0.00
6/28/2024 2:12:14,1.17.0,Bandit,18,3.96,1,30,0,100,Pellet,Right,119,129,169,18,0.06,5,nan
6/28/2024 2:12:15,1.17.0,Bandit,18,3.97,nan,30,0,100,Right,Right,119,130,169,19,nan,nan,0.00
6/28/2024 2:12:18,1.17.0,Bandit,18,3.97,1,30,0,100,Pellet,Right,119,130,170,19,0.06,4,nan
6/28/2024 2:12:25,1.17.0,Bandit,18,3.97,nan,30,0,100,Right,Right,119,131,170,20,nan,nan,0.17
6/28/2024 2:12:28,1.17.0,Bandit,18,3.98,1,30,0,100,Pellet,Right,119,131,171,20,0.06,10,nan
6/28/2024 2:12:39,1.17.0,Bandit,18,3.97,nan,30,0,100,Right,Right,119,132,171,21,nan,nan,0.96
6/28/2024 2:12:42,1.17.0,Bandit,18,3.97,1,30,0,100,Pellet,Right,119,132,172,21,0.06,14,nan
6/28/2024 2:12:46,1.17.0,Bandit,18,3.97,nan,30,0,100,Right,Right,119,133,172,22,nan,nan,0.95
6/28/2024 2:12:49,1.17.0,Bandit,18,3.97,1,30,0,100,Pellet,Right,119,133,173,22,0.06,7,nan
6/28/2024 2:12:59,1.17.0,Bandit,18,3.97,nan,30,0,100,Right,Right,119,134,173,23,nan,nan,1.39
6/28/2024 2:13:02,1.17.0,Bandit,18,3.97,nan,30,0,100,RightDuringDispense,Right,119,134,173,23,nan,nan,0.82
6/28/2024 2:13:05,1.17.0,Bandit,18,3.96,2,30,0,100,Pellet,Right,119,134,174,23,0.06,16,nan
6/28/2024 2:13:07,1.17.0,Bandit,18,3.96,nan,30,0,100,Right,Right,119,135,174,24,nan,nan,0.36
6/28/2024 2:13:10,1.17.0,Bandit,18,3.97,1,30,0,100,Pellet,Right,119,135,175,24,0.06,5,nan
6/28/2024 2:13:25,1.17.0,Bandit,18,3.97,nan,30,0,100,Right,Right,119,136,175,25,nan,nan,1.95
6/28/2024 2:13:29,1.17.0,Bandit,18,3.97,1,30,0,100,Pellet,Right,119,136,176,25,0.19,19,nan
6/28/2024 2:13:34,1.17.0,Bandit,18,3.97,nan,30,0,100,Right,Right,119,137,176,26,nan,nan,0.82
6/28/2024 2:13:44,1.17.0,Bandit,18,3.96,5,30,0,100,Pellet,Right,119,137,177,26,0.06,15,nan
6/28/2024 2:13:50,1.17.0,Bandit,18,3.96,nan,30,0,100,Right,Right,119,138,177,27,nan,nan,0.81
6/28/2024 2:13:54,1.17.0,Bandit,18,3.96,2,30,0,100,Pellet,Right,119,138,178,27,0.06,10,nan
6/28/2024 2:14:08,1.17.0,Bandit,18,3.96,nan,30,0,100,Right,Right,119,139,178,28,nan,nan,0.77
6/28/2024 2:14:16,1.17.0,Bandit,18,3.97,3,30,0,100,Pellet,Right,119,139,179,28,0.06,22,nan
6/28/2024 2:14:22,1.17.0,Bandit,18,3.96,nan,30,0,100,Right,Right,119,140,179,29,nan,nan,3.10
6/28/2024 2:14:29,1.17.0,Bandit,18,3.96,1,30,0,100,Pellet,Right,119,140,180,29,3.42,13,nan
6/28/2024 2:16:04,1.17.0,Bandit,18,3.96,nan,30,100,0,Right,Left,119,141,180,0,nan,nan,91.87
6/28/2024 2:16:41,1.17.0,Bandit,18,3.97,nan,30,100,0,Right,Left,119,142,180,0,nan,nan,1.01
6/28/2024 2:17:00,1.17.0,Bandit,18,3.97,nan,30,100,0,Right,Left,119,143,180,0,nan,nan,2.29
6/28/2024 2:35:55,1.17.0,Bandit,18,3.96,nan,30,100,0,Right,Left,119,144,180,0,nan,nan,0.04
6/28/2024 2:57:38,1.17.0,Bandit,18,3.95,nan,30,100,0,Right,Left,119,145,180,0,nan,nan,0.09
6/28/2024 2:58:30,1.17.0,Bandit,18,3.96,nan,30,100,0,Right,Left,119,146,180,0,nan,nan,0.09
6/28/2024 3:01:39,1.17.0,Bandit,18,3.97,nan,30,100,0,Right,Left,119,147,180,0,nan,nan,0.11
6/28/2024 4:54:53,1.17.0,Bandit,18,3.96,nan,30,100,0,Right,Left,119,148,180,0,nan,nan,0.25
6/28/2024 4:55:14,1.17.0,Bandit,18,3.96,nan,30,100,0,Right,Left,119,149,180,0,nan,nan,0.26
6/28/2024 4:55:59,1.17.0,Bandit,18,3.96,nan,30,100,0,Right,Left,119,150,180,0,nan,nan,0.11
6/28/2024 5:07:23,1.17.0,Bandit,18,3.96,nan,30,100,0,Right,Left,119,151,180,0,nan,nan,0.06
6/28/2024 5:44:54,1.17.0,Bandit,18,3.93,nan,30,100,0,Right,Left,119,152,180,0,nan,nan,0.56
6/28/2024 5:57:38,1.17.0,Bandit,18,3.96,nan,30,100,0,Right,Left,119,153,180,0,nan,nan,0.27
6/28/2024 5:58:18,1.17.0,Bandit,18,3.96,nan,30,100,0,Left,Left,120,153,180,0,nan,nan,0.16
6/28/2024 5:58:21,1.17.0,Bandit,18,3.96,1,30,100,0,Pellet,Left,120,153,181,0,0.06,13432,nan
6/28/2024 5:58:27,1.17.0,Bandit,18,3.95,nan,30,100,0,Left,Left,121,153,181,1,nan,nan,0.00
6/28/2024 5:58:33,1.17.0,Bandit,18,3.96,2,30,100,0,Pellet,Left,121,153,182,1,0.06,12,nan
6/28/2024 5:59:40,1.17.0,Bandit,18,3.96,nan,30,100,0,Left,Left,122,153,182,2,nan,nan,0.10
6/28/2024 5:59:43,1.17.0,Bandit,18,3.96,1,30,100,0,Pellet,Left,122,153,183,2,0.06,70,nan
6/28/2024 6:00:09,1.17.0,Bandit,18,3.96,nan,30,100,0,Left,Left,123,153,183,3,nan,nan,0.13
6/28/2024 6:00:12,1.17.0,Bandit,18,3.96,1,30,100,0,Pellet,Left,123,153,184,3,0.06,29,nan
6/28/2024 6:00:40,1.17.0,Bandit,18,3.96,nan,30,100,0,Left,Left,124,153,184,4,nan,nan,0.12
6/28/2024 6:00:43,1.17.0,Bandit,18,3.96,1,30,100,0,Pellet,Left,124,153,185,4,0.06,31,nan
6/28/2024 6:01:57,1.17.0,Bandit,18,3.96,nan,30,100,0,Left,Left,125,153,185,5,nan,nan,0.09
6/28/2024 6:02:00,1.17.0,Bandit,18,3.96,1,30,100,0,Pellet,Left,125,153,186,5,0.06,77,nan
6/28/2024 6:02:43,1.17.0,Bandit,18,3.96,nan,30,100,0,Right,Left,125,154,186,6,nan,nan,0.05
6/28/2024 6:11:11,1.17.0,Bandit,18,3.96,nan,30,100,0,Right,Left,125,155,186,6,nan,nan,115.04
6/28/2024 6:11:54,1.17.0,Bandit,18,3.95,nan,30,100,0,Right,Left,125,156,186,6,nan,nan,0.25
6/28/2024 6:12:09,1.17.0,Bandit,18,3.96,nan,30,100,0,Right,Left,125,157,186,6,nan,nan,0.79
6/28/2024 8:06:27,1.17.0,Bandit,18,3.95,nan,30,100,0,Right,Left,125,158,186,6,nan,nan,3.12
6/28/2024 8:09:27,1.17.0,Bandit,18,3.94,nan,30,100,0,Right,Left,125,159,186,6,nan,nan,62.00
6/28/2024 9:25:36,1.17.0,Bandit,18,3.94,nan,30,100,0,Right,Left,125,160,186,6,nan,nan,130.67
6/28/2024 9:58:31,1.17.0,Bandit,18,3.94,nan,30,100,0,Left,Left,126,160,186,6,nan,nan,0.49
6/28/2024 9:58:35,1.17.0,Bandit,18,3.94,1,30,100,0,Pellet,Left,126,160,187,6,0.06,14195,nan
6/28/2024 9:59:30,1.17.0,Bandit,18,3.94,nan,30,100,0,Left,Left,127,160,187,7,nan,nan,0.04
6/28/2024 9:59:33,1.17.0,Bandit,18,3.94,1,30,100,0,Pellet,Left,127,160,188,7,0.06,58,nan
6/28/2024 10:00:46,1.17.0,Bandit,18,3.94,nan,30,100,0,Right,Left,127,161,188,8,nan,nan,0.17
6/28/2024 10:00:48,1.17.0,Bandit,18,3.94,nan,30,100,0,LeftinTimeOut,Left,127,161,188,8,nan,nan,nan
6/28/2024 10:00:49,1.17.0,Bandit,18,3.94,nan,30,100,0,LeftinTimeOut,Left,127,161,188,8,nan,nan,nan
6/28/2024 10:00:49,1.17.0,Bandit,18,3.94,nan,30,100,0,LeftinTimeOut,Left,127,161,188,8,nan,nan,nan
6/28/2024 10:01:19,1.17.0,Bandit,18,3.94,nan,30,100,0,Right,Left,127,162,188,8,nan,nan,0.44
6/28/2024 10:01:55,1.17.0,Bandit,18,3.93,nan,30,100,0,Right,Left,127,163,188,8,nan,nan,2.50
6/28/2024 10:10:44,1.17.0,Bandit,18,3.94,nan,30,100,0,Left,Left,128,163,188,8,nan,nan,0.12
6/28/2024 10:10:47,1.17.0,Bandit,18,3.94,1,30,100,0,Pellet,Left,128,163,189,8,0.19,674,nan
6/28/2024 10:11:15,1.17.0,Bandit,18,3.94,nan,30,100,0,Right,Left,128,164,189,9,nan,nan,0.14
6/28/2024 10:17:09,1.17.0,Bandit,18,3.93,nan,30,100,0,Left,Left,129,164,189,9,nan,nan,0.24
6/28/2024 10:17:15,1.17.0,Bandit,18,3.94,1,30,100,0,Pellet,Left,129,164,190,9,3.68,388,nan
6/28/2024 10:23:13,1.17.0,Bandit,18,3.94,nan,30,100,0,Left,Left,130,164,190,10,nan,nan,0.64
6/28/2024 10:23:16,1.17.0,Bandit,18,3.93,1,30,100,0,Pellet,Left,130,164,191,10,0.06,361,nan
6/28/2024 10:23:40,1.17.0,Bandit,18,3.94,nan,30,100,0,Left,Left,131,164,191,11,nan,nan,0.38
6/28/2024 10:23:44,1.17.0,Bandit,18,3.93,1,30,100,0,Pellet,Left,131,164,192,11,0.25,28,nan
6/28/2024 10:23:56,1.17.0,Bandit,18,3.94,nan,30,100,0,Left,Left,132,164,192,12,nan,nan,0.34
6/28/2024 10:24:00,1.17.0,Bandit,18,3.94,1,30,100,0,Pellet,Left,132,164,193,12,0.56,16,nan
6/28/2024 10:24:02,1.17.0,Bandit,18,3.93,nan,30,100,0,Right,Left,132,165,193,13,nan,nan,0.01
6/28/2024 10:36:14,1.17.0,Bandit,18,3.93,nan,30,100,0,Left,Left,133,165,193,13,nan,nan,0.44
6/28/2024 10:36:17,1.17.0,Bandit,18,3.93,1,30,100,0,Pellet,Left,133,165,194,13,0.06,737,nan
6/28/2024 10:36:49,1.17.0,Bandit,18,3.93,nan,30,100,0,Left,Left,134,165,194,14,nan,nan,0.13
6/28/2024 10:36:52,1.17.0,Bandit,18,3.93,1,30,100,0,Pellet,Left,134,165,195,14,0.06,35,nan
6/28/2024 10:37:21,1.17.0,Bandit,18,3.94,nan,30,100,0,Left,Left,135,165,195,15,nan,nan,0.09
6/28/2024 10:37:25,1.17.0,Bandit,18,3.93,1,30,100,0,Pellet,Left,135,165,196,15,1.07,33,nan
6/28/2024 10:38:10,1.17.0,Bandit,18,3.94,nan,30,100,0,Left,Left,136,165,196,16,nan,nan,0.38
6/28/2024 10:38:13,1.17.0,Bandit,18,3.94,1,30,100,0,Pellet,Left,136,165,197,16,0.19,48,nan
6/28/2024 10:38:58,1.17.0,Bandit,18,3.93,nan,30,100,0,Left,Left,137,165,197,17,nan,nan,0.44
6/28/2024 10:39:14,1.17.0,Bandit,18,3.94,2,30,100,0,Pellet,Left,137,165,198,17,12.90,61,nan
6/28/2024 10:40:04,1.17.0,Bandit,18,3.94,nan,30,100,0,Left,Left,138,165,198,18,nan,nan,0.33
6/28/2024 10:40:40,1.17.0,Bandit,18,3.94,nan,30,100,0,LeftWithPellet,Left,138,165,198,18,nan,nan,0.06
6/28/2024 10:40:44,1.17.0,Bandit,18,3.93,nan,30,100,0,LeftWithPellet,Left,138,165,198,18,nan,nan,0.85
6/28/2024 10:40:46,1.17.0,Bandit,18,3.93,nan,30,100,0,LeftWithPellet,Left,138,165,198,18,nan,nan,0.10
6/28/2024 10:40:52,1.17.0,Bandit,18,3.93,nan,30,100,0,LeftWithPellet,Left,138,165,198,18,nan,nan,0.47
6/28/2024 10:40:57,1.17.0,Bandit,18,3.93,nan,30,100,0,LeftWithPellet,Left,138,165,198,18,nan,nan,0.72
6/28/2024 10:40:58,1.17.0,Bandit,18,3.93,nan,30,100,0,LeftWithPellet,Left,138,165,198,18,nan,nan,0.47
6/28/2024 10:41:09,1.17.0,Bandit,18,3.93,3,30,100,0,Pellet,Left,138,165,199,18,Timed_out,115,nan
6/28/2024 10:57:02,1.17.0,Bandit,18,3.93,nan,30,100,0,Left,Left,139,165,199,19,nan,nan,0.10
6/28/2024 10:57:06,1.17.0,Bandit,18,3.93,2,30,100,0,Pellet,Left,139,165,200,19,0.06,957,nan
6/28/2024 10:57:25,1.17.0,Bandit,18,3.93,nan,30,100,0,Left,Left,140,165,200,20,nan,nan,0.02
6/28/2024 10:57:27,1.17.0,Bandit,18,3.93,1,30,100,0,Pellet,Left,140,165,201,20,0.06,21,nan
6/28/2024 10:57:55,1.17.0,Bandit,18,3.93,nan,30,100,0,Left,Left,141,165,201,21,nan,nan,0.17
6/28/2024 10:57:58,1.17.0,Bandit,18,3.93,1,30,100,0,Pellet,Left,141,165,202,21,0.06,31,nan
6/28/2024 10:58:06,1.17.0,Bandit,18,3.93,nan,30,100,0,Left,Left,142,165,202,22,nan,nan,0.05
6/28/2024 10:58:09,1.17.0,Bandit,18,3.93,1,30,100,0,Pellet,Left,142,165,203,22,0.06,11,nan
6/28/2024 10:58:55,1.17.0,Bandit,18,3.93,nan,30,100,0,Left,Left,143,165,203,23,nan,nan,0.59
6/28/2024 10:58:58,1.17.0,Bandit,18,3.93,1,30,100,0,Pellet,Left,143,165,204,23,0.06,49,nan
6/28/2024 10:59:03,1.17.0,Bandit,18,3.93,nan,30,100,0,Left,Left,144,165,204,24,nan,nan,0.04
6/28/2024 10:59:06,1.17.0,Bandit,18,3.93,1,30,100,0,Pellet,Left,144,165,205,24,0.06,8,nan
6/28/2024 10:59:44,1.17.0,Bandit,18,3.93,nan,30,100,0,Left,Left,145,165,205,25,nan,nan,0.50
6/28/2024 10:59:47,1.17.0,Bandit,18,3.93,1,30,100,0,Pellet,Left,145,165,206,25,0.06,41,nan
6/28/2024 11:00:25,1.17.0,Bandit,18,3.93,nan,30,100,0,Left,Left,146,165,206,26,nan,nan,0.20
6/28/2024 11:00:28,1.17.0,Bandit,18,3.93,1,30,100,0,Pellet,Left,146,165,207,26,0.06,41,nan
6/28/2024 11:00:34,1.17.0,Bandit,18,3.93,nan,30,100,0,Left,Left,147,165,207,27,nan,nan,0.12
6/28/2024 11:00:37,1.17.0,Bandit,18,3.93,1,30,100,0,Pellet,Left,147,165,208,27,0.12,9,nan
6/28/2024 11:00:44,1.17.0,Bandit,18,3.93,nan,30,100,0,Left,Left,148,165,208,28,nan,nan,0.34
6/28/2024 11:01:14,1.17.0,Bandit,18,3.93,nan,30,100,0,LeftWithPellet,Left,148,165,208,28,nan,nan,0.15
6/28/2024 11:01:25,1.17.0,Bandit,18,3.93,1,30,100,0,Pellet,Left,148,165,209,28,37.65,48,nan
6/28/2024 11:01:43,1.17.0,Bandit,18,3.93,nan,30,100,0,Right,Left,148,166,209,29,nan,nan,0.03
6/28/2024 11:02:02,1.17.0,Bandit,18,3.93,nan,30,100,0,Left,Left,149,166,209,29,nan,nan,0.03
6/28/2024 11:02:05,1.17.0,Bandit,18,3.93,1,30,100,0,Pellet,Left,149,166,210,29,0.06,40,nan
6/28/2024 11:04:08,1.17.0,Bandit,18,3.93,nan,30,0,100,Left,Right,150,166,210,0,nan,nan,0.68
6/28/2024 11:04:15,1.17.0,Bandit,18,3.93,nan,30,0,100,LeftinTimeOut,Right,150,166,210,0,nan,nan,nan
6/28/2024 11:48:13,1.17.0,Bandit,18,3.93,nan,30,0,100,Left,Right,151,166,210,0,nan,nan,0.04
6/28/2024 11:49:30,1.17.0,Bandit,18,3.93,nan,30,0,100,Right,Right,151,167,210,0,nan,nan,1.42
6/28/2024 11:49:33,1.17.0,Bandit,18,3.93,1,30,0,100,Pellet,Right,151,167,211,0,0.06,2848,nan
6/28/2024 11:50:37,1.17.0,Bandit,18,3.93,nan,30,0,100,Left,Right,152,167,211,1,nan,nan,0.25
6/28/2024 11:50:41,1.17.0,Bandit,18,3.93,nan,30,0,100,LeftinTimeOut,Right,152,167,211,1,nan,nan,nan
6/28/2024 11:50:42,1.17.0,Bandit,18,3.93,nan,30,0,100,LeftinTimeOut,Right,152,167,211,1,nan,nan,nan
6/28/2024 11:50:43,1.17.0,Bandit,18,3.93,nan,30,0,100,LeftinTimeOut,Right,152,167,211,1,nan,nan,nan
6/28/2024 11:50:47,1.17.0,Bandit,18,3.93,nan,30,0,100,LeftinTimeOut,Right,152,167,211,1,nan,nan,nan
6/28/2024 11:50:52,1.17.0,Bandit,18,3.93,nan,30,0,100,LeftinTimeOut,Right,152,167,211,1,nan,nan,nan
6/28/2024 11:50:53,1.17.0,Bandit,18,3.93,nan,30,0,100,LeftinTimeOut,Right,152,167,211,1,nan,nan,nan
6/28/2024 11:51:06,1.17.0,Bandit,18,3.93,nan,30,0,100,Left,Right,153,167,211,1,nan,nan,1.33
6/28/2024 11:51:52,1.17.0,Bandit,18,3.90,nan,30,0,100,Left,Right,154,167,211,1,nan,nan,0.01
6/28/2024 11:51:54,1.17.0,Bandit,18,3.93,nan,30,0,100,LeftinTimeOut,Right,154,167,211,1,nan,nan,nan
6/28/2024 11:52:13,1.17.0,Bandit,18,3.93,nan,30,0,100,Left,Right,155,167,211,1,nan,nan,0.43
6/28/2024 11:52:38,1.17.0,Bandit,18,3.93,nan,30,0,100,Right,Right,155,168,211,1,nan,nan,0.16
6/28/2024 11:52:45,1.17.0,Bandit,18,3.93,3,30,0,100,Pellet,Right,155,168,212,1,0.06,192,nan
6/28/2024 11:54:14,1.17.0,Bandit,18,3.93,nan,30,0,100,Right,Right,155,169,212,2,nan,nan,0.44
6/28/2024 11:54:17,1.17.0,Bandit,18,3.93,1,30,0,100,Pellet,Right,155,169,213,2,0.06,92,nan
6/28/2024 11:54:48,1.17.0,Bandit,18,3.93,nan,30,0,100,Right,Right,155,170,213,3,nan,nan,0.02
6/28/2024 11:54:51,1.17.0,Bandit,18,3.93,1,30,0,100,Pellet,Right,155,170,214,3,0.06,34,nan
6/28/2024 11:55:30,1.17.0,Bandit,18,3.93,nan,30,0,100,Right,Right,155,171,214,4,nan,nan,0.29
6/28/2024 11:55:33,1.17.0,Bandit,18,3.93,1,30,0,100,Pellet,Right,155,171,215,4,0.06,42,nan
6/28/2024 11:56:15,1.17.0,Bandit,18,3.93,nan,30,0,100,Right,Right,155,172,215,5,nan,nan,0.05
6/28/2024 11:56:19,1.17.0,Bandit,18,3.93,1,30,0,100,Pellet,Right,155,172,216,5,1.39,46,nan
6/28/2024 11:56:55,1.17.0,Bandit,18,3.93,nan,30,0,100,Right,Right,155,173,216,6,nan,nan,0.47
6/28/2024 11:57:00,1.17.0,Bandit,18,3.93,2,30,0,100,Pellet,Right,155,173,217,6,0.06,41,nan
6/28/2024 11:57:34,1.17.0,Bandit,18,3.93,nan,30,0,100,Right,Right,155,174,217,7,nan,nan,0.24
6/28/2024 11:57:39,1.17.0,Bandit,18,3.93,2,30,0,100,Pellet,Right,155,174,218,7,0.06,39,nan
6/28/2024 11:58:11,1.17.0,Bandit,18,3.93,nan,30,0,100,Right,Right,155,175,218,8,nan,nan,0.60
6/28/2024 11:58:15,1.17.0,Bandit,18,3.93,1,30,0,100,Pellet,Right,155,175,219,8,0.06,36,nan
6/28/2024 11:58:39,1.17.0,Bandit,18,3.93,nan,30,0,100,Right,Right,155,176,219,9,nan,nan,1.16
6/28/2024 11:58:43,1.17.0,Bandit,18,3.93,1,30,0,100,Pellet,Right,155,176,220,9,0.06,28,nan
6/28/2024 11:59:18,1.17.0,Bandit,18,3.92,nan,30,0,100,Right,Right,155,177,220,10,nan,nan,0.10
6/28/2024 11:59:21,1.17.0,Bandit,18,3.93,1,30,0,100,Pellet,Right,155,177,221,10,0.06,38,nan
6/28/2024 11:59:49,1.17.0,Bandit,18,3.93,nan,30,0,100,Right,Right,155,178,221,11,nan,nan,0.11
6/28/2024 11:59:53,1.17.0,Bandit,18,3.92,1,30,0,100,Pellet,Right,155,178,222,11,0.06,32,nan
6/28/2024 12:00:15,1.17.0,Bandit,18,3.92,nan,30,0,100,Right,Right,155,179,222,12,nan,nan,0.05
6/28/2024 12:00:18,1.17.0,Bandit,18,3.93,1,30,0,100,Pellet,Right,155,179,223,12,0.06,25,nan
6/28/2024 12:00:44,1.17.0,Bandit,18,3.93,nan,30,0,100,Right,Right,155,180,223,13,nan,nan,0.12
6/28/2024 12:00:47,1.17.0,Bandit,18,3.93,1,30,0,100,Pellet,Right,155,180,224,13,0.06,29,nan
6/28/2024 12:01:27,1.17.0,Bandit,18,3.93,nan,30,0,100,Right,Right,155,181,224,14,nan,nan,0.27
6/28/2024 12:01:31,1.17.0,Bandit,18,3.92,1,30,0,100,Pellet,Right,155,181,225,14,0.06,44,nan
6/28/2024 12:01:57,1.17.0,Bandit,18,3.93,nan,30,0,100,Right,Right,155,182,225,15,nan,nan,0.16
6/28/2024 12:02:00,1.17.0,Bandit,18,3.93,1,30,0,100,Pellet,Right,155,182,226,15,0.06,29,nan
6/28/2024 12:02:08,1.17.0,Bandit,18,3.93,nan,30,0,100,Right,Right,155,183,226,16,nan,nan,0.37
6/28/2024 12:02:11,1.17.0,Bandit,18,3.93,2,30,0,100,Pellet,Right,155,183,227,16,0.06,11,nan
6/28/2024 12:02:48,1.17.0,Bandit,18,3.92,nan,30,0,100,Right,Right,155,184,227,17,nan,nan,0.54
6/28/2024 12:02:51,1.17.0,Bandit,18,3.92,2,30,0,100,Pellet,Right,155,184,228,17,0.06,40,nan
6/28/2024 12:03:22,1.17.0,Bandit,18,3.93,nan,30,0,100,Right,Right,155,185,228,18,nan,nan,0.05
6/28/2024 12:03:25,1.17.0,Bandit,18,3.93,2,30,0,100,Pellet,Right,155,185,229,18,0.06,34,nan
6/28/2024 12:03:53,1.17.0,Bandit,18,3.93,nan,30,0,100,Right,Right,155,186,229,19,nan,nan,0.05
6/28/2024 12:03:56,1.17.0,Bandit,18,3.93,1,30,0,100,Pellet,Right,155,186,230,19,0.06,31,nan
6/28/2024 12:04:21,1.17.0,Bandit,18,3.93,nan,30,0,100,Right,Right,155,187,230,20,nan,nan,0.44
6/28/2024 12:04:24,1.17.0,Bandit,18,3.93,1,30,0,100,Pellet,Right,155,187,231,20,0.06,28,nan
6/28/2024 12:12:18,1.17.0,Bandit,18,3.93,nan,30,0,100,Right,Right,155,188,231,21,nan,nan,0.08
6/28/2024 12:12:22,1.17.0,Bandit,18,3.91,1,30,0,100,Pellet,Right,155,188,232,21,0.06,478,nan
6/28/2024 12:40:46,1.17.0,Bandit,18,3.91,nan,30,0,100,Right,Right,155,189,232,22,nan,nan,0.42
6/28/2024 12:40:50,1.17.0,Bandit,18,3.93,1,30,0,100,Pellet,Right,155,189,233,22,1.45,1708,nan
6/28/2024 12:41:35,1.17.0,Bandit,18,3.92,nan,30,0,100,Right,Right,155,190,233,23,nan,nan,0.02
6/28/2024 12:41:40,1.17.0,Bandit,18,3.92,2,30,0,100,Pellet,Right,155,190,234,23,0.06,50,nan
6/28/2024 12:42:53,1.17.0,Bandit,18,3.91,nan,30,0,100,Right,Right,155,191,234,24,nan,nan,0.42
6/28/2024 12:42:57,1.17.0,Bandit,18,3.93,2,30,0,100,Pellet,Right,155,191,235,24,0.12,77,nan
6/28/2024 12:43:40,1.17.0,Bandit,18,3.93,nan,30,0,100,Right,Right,155,192,235,25,nan,nan,0.07
6/28/2024 12:43:46,1.17.0,Bandit,18,3.93,2,30,0,100,Pellet,Right,155,192,236,25,0.06,49,nan
6/28/2024 12:44:13,1.17.0,Bandit,18,3.93,nan,30,0,100,Right,Right,155,193,236,26,nan,nan,0.04
6/28/2024 12:44:16,1.17.0,Bandit,18,3.93,1,30,0,100,Pellet,Right,155,193,237,26,0.06,30,nan
6/28/2024 12:44:30,1.17.0,Bandit,18,3.92,nan,30,0,100,Right,Right,155,194,237,27,nan,nan,0.97
6/28/2024 12:44:33,1.17.0,Bandit,18,3.92,1,30,0,100,Pellet,Right,155,194,238,27,0.06,17,nan
6/28/2024 12:45:00,1.17.0,Bandit,18,3.93,nan,30,0,100,Right,Right,155,195,238,28,nan,nan,0.26
6/28/2024 12:45:03,1.17.0,Bandit,18,3.93,1,30,0,100,Pellet,Right,155,195,239,28,0.06,30,nan
6/28/2024 12:45:28,1.17.0,Bandit,18,3.93,nan,30,0,100,Right,Right,155,196,239,29,nan,nan,0.31
6/28/2024 12:45:33,1.17.0,Bandit,18,3.88,2,30,0,100,Pellet,Right,155,196,240,29,0.06,30,nan
6/28/2024 12:46:48,1.17.0,Bandit,18,3.92,nan,30,100,0,Right,Left,155,197,240,0,nan,nan,0.00
6/28/2024 13:30:52,1.17.0,Bandit,18,3.92,nan,30,100,0,Left,Left,156,197,240,0,nan,nan,0.00
6/28/2024 13:30:56,1.17.0,Bandit,18,3.93,1,30,100,0,Pellet,Left,156,197,241,0,0.06,2723,nan
6/28/2024 13:32:09,1.17.0,Bandit,18,3.93,nan,30,100,0,Left,Left,157,197,241,1,nan,nan,0.09
6/28/2024 13:32:15,1.17.0,Bandit,18,3.93,3,30,100,0,Pellet,Left,157,197,242,1,0.06,79,nan
6/28/2024 13:40:27,1.17.0,Bandit,18,3.92,nan,30,100,0,Left,Left,158,197,242,2,nan,nan,0.04
6/28/2024 13:40:30,1.17.0,Bandit,18,3.91,1,30,100,0,Pellet,Left,158,197,243,2,0.12,495,nan
6/28/2024 13:41:07,1.17.0,Bandit,18,3.91,nan,30,100,0,Left,Left,159,197,243,3,nan,nan,0.30
6/28/2024 13:41:11,1.17.0,Bandit,18,3.94,2,30,100,0,Pellet,Left,159,197,244,3,0.06,41,nan
6/28/2024 13:41:31,1.17.0,Bandit,18,3.94,nan,30,100,0,Left,Left,160,197,244,4,nan,nan,0.00
6/28/2024 13:41:34,1.17.0,Bandit,18,3.93,2,30,100,0,Pellet,Left,160,197,245,4,0.06,23,nan
6/28/2024 13:41:55,1.17.0,Bandit,18,3.94,nan,30,100,0,Left,Left,161,197,245,5,nan,nan,0.04
6/28/2024 13:41:59,1.17.0,Bandit,18,3.94,2,30,100,0,Pellet,Left,161,197,246,5,0.06,25,nan
6/28/2024 13:42:14,1.17.0,Bandit,18,3.94,nan,30,100,0,Left,Left,162,197,246,6,nan,nan,0.25
6/28/2024 13:42:17,1.17.0,Bandit,18,3.94,1,30,100,0,Pellet,Left,162,197,247,6,0.06,18,nan
6/28/2024 13:42:37,1.17.0,Bandit,18,3.93,nan,30,100,0,Left,Left,163,197,247,7,nan,nan,0.08
6/28/2024 13:42:40,1.17.0,Bandit,18,3.93,1,30,100,0,Pellet,Left,163,197,248,7,0.06,23,nan
6/28/2024 13:42:58,1.17.0,Bandit,18,3.94,nan,30,100,0,Left,Left,164,197,248,8,nan,nan,0.03
6/28/2024 13:43:01,1.17.0,Bandit,18,3.93,1,30,100,0,Pellet,Left,164,197,249,8,0.06,21,nan
6/28/2024 13:43:20,1.17.0,Bandit,18,3.94,nan,30,100,0,Left,Left,165,197,249,9,nan,nan,0.10
6/28/2024 13:43:23,1.17.0,Bandit,18,3.94,1,30,100,0,Pellet,Left,165,197,250,9,0.06,22,nan
6/28/2024 13:43:50,1.17.0,Bandit,18,3.94,nan,30,100,0,Left,Left,166,197,250,10,nan,nan,0.07
6/28/2024 13:43:54,1.17.0,Bandit,18,3.93,2,30,100,0,Pellet,Left,166,197,251,10,0.06,31,nan
6/28/2024 13:44:27,1.17.0,Bandit,18,3.93,nan,30,100,0,Left,Left,167,197,251,11,nan,nan,0.16
6/28/2024 13:44:31,1.17.0,Bandit,18,3.93,1,30,100,0,Pellet,Left,167,197,252,11,0.06,37,nan
