7/27/2024 4:03:35,1.17.0,Bandit,0,4.05,nan,30,20,80,LeftinTimeOut,Right,508,538,599,29,nan,nan,nan
7/27/2024 4:03:35,1.17.0,Bandit,0,4.05,nan,30,20,80,LeftinTimeOut,Right,508,538,599,29,nan,nan,nan
7/27/2024 4:06:52,1.17.0,Bandit,0,4.05,nan,30,20,80,Right,Right,508,539,599,29,nan,nan,0.45
7/27/2024 4:06:55,1.17.0,Bandit,0,4.05,1,30,20,80,Pellet,Right,508,539,600,29,0.06,390,nan
7/27/2024 4:07:12,1.17.0,Bandit,0,4.05,nan,30,80,20,Right,Left,508,540,600,0,nan,nan,0.33
7/27/2024 4:08:43,1.17.0,Bandit,0,4.05,nan,30,80,20,Right,Left,508,541,600,0,nan,nan,0.10
7/27/2024 4:09:12,1.17.0,Bandit,0,4.05,nan,30,80,20,Right,Left,508,542,600,0,nan,nan,0.01
7/27/2024 4:09:15,1.17.0,Bandit,0,4.05,1,30,80,20,Pellet,Left,508,542,601,0,0.06,140,nan
7/27/2024 4:11:58,1.17.0,Bandit,0,4.05,nan,30,80,20,Right,Left,508,543,601,1,nan,nan,0.04
7/27/2024 4:12:34,1.17.0,Bandit,0,4.05,nan,30,80,20,Right,Left,508,544,601,1,nan,nan,0.37
7/27/2024 4:14:39,1.17.0,Bandit,0,4.05,nan,30,80,20,Right,Left,508,545,601,1,nan,nan,0.23
7/27/2024 4:17:16,1.17.0,Bandit,0,4.03,nan,30,80,20,Left,Left,509,545,601,1,nan,nan,0.13
7/27/2024 4:17:19,1.17.0,Bandit,0,4.05,1,30,80,20,Pellet,Left,509,545,602,1,0.06,484,nan
7/27/2024 4:17:36,1.17.0,Bandit,0,4.05,nan,30,80,20,Left,Left,510,545,602,2,nan,nan,0.04
7/27/2024 4:17:41,1.17.0,Bandit,0,4.04,2,30,80,20,Pellet,Left,510,545,603,2,0.06,22,nan
7/27/2024 4:18:13,1.17.0,Bandit,0,4.05,nan,30,80,20,Left,Left,511,545,603,3,nan,nan,0.07
7/27/2024 4:18:16,1.17.0,Bandit,0,4.05,1,30,80,20,Pellet,Left,511,545,604,3,0.30,35,nan
7/27/2024 4:18:29,1.17.0,Bandit,0,4.04,nan,30,80,20,Left,Left,512,545,604,4,nan,nan,0.08
7/27/2024 4:18:32,1.17.0,Bandit,0,4.05,2,30,80,20,Pellet,Left,512,545,605,4,0.06,16,nan
7/27/2024 4:18:45,1.17.0,Bandit,0,4.05,nan,30,80,20,Left,Left,513,545,605,5,nan,nan,0.00
7/27/2024 4:18:48,1.17.0,Bandit,0,4.05,1,30,80,20,Pellet,Left,513,545,606,5,0.06,16,nan
7/27/2024 4:19:16,1.17.0,Bandit,0,4.05,nan,30,80,20,Right,Left,513,546,606,6,nan,nan,0.02
7/27/2024 4:19:55,1.17.0,Bandit,0,4.05,nan,30,80,20,Left,Left,514,546,606,6,nan,nan,0.08
7/27/2024 4:19:59,1.17.0,Bandit,0,4.05,1,30,80,20,Pellet,Left,514,546,607,6,0.06,71,nan
7/27/2024 6:38:42,1.17.0,Bandit,0,4.04,nan,30,80,20,Right,Left,514,547,607,7,nan,nan,0.40
7/27/2024 6:39:04,1.17.0,Bandit,0,4.04,nan,30,80,20,Right,Left,514,548,607,7,nan,nan,0.42
7/27/2024 6:39:46,1.17.0,Bandit,0,4.04,nan,30,80,20,Left,Left,515,548,607,7,nan,nan,0.00
7/27/2024 6:39:49,1.17.0,Bandit,0,4.04,1,30,80,20,Pellet,Left,515,548,608,7,0.06,8390,nan
7/27/2024 6:40:13,1.17.0,Bandit,0,4.04,nan,30,80,20,Left,Left,516,548,608,8,nan,nan,0.28
7/27/2024 6:40:17,1.17.0,Bandit,0,4.05,1,30,80,20,Pellet,Left,516,548,609,8,0.18,28,nan
7/27/2024 6:40:35,1.17.0,Bandit,0,4.04,nan,30,80,20,Right,Left,516,549,609,9,nan,nan,0.48
7/27/2024 6:40:38,1.17.0,Bandit,0,4.04,2,30,80,20,Pellet,Left,516,549,610,9,0.06,21,nan
7/27/2024 6:42:49,1.17.0,Bandit,0,4.04,nan,30,80,20,Right,Left,516,550,610,10,nan,nan,0.19
7/27/2024 6:42:52,1.17.0,Bandit,0,4.04,2,30,80,20,Pellet,Left,516,550,611,10,0.06,134,nan
7/27/2024 6:43:08,1.17.0,Bandit,0,4.04,nan,30,80,20,Right,Left,516,551,611,11,nan,nan,0.03
7/27/2024 6:44:15,1.17.0,Bandit,0,4.04,nan,30,80,20,Right,Left,516,552,611,11,nan,nan,0.18
7/27/2024 6:47:26,1.17.0,Bandit,0,4.04,nan,30,80,20,Right,Left,516,553,611,11,nan,nan,0.45
7/27/2024 6:48:20,1.17.0,Bandit,0,4.04,nan,30,80,20,Left,Left,517,553,611,11,nan,nan,0.05
7/27/2024 6:52:15,1.17.0,Bandit,0,4.04,nan,30,80,20,Right,Left,517,554,611,11,nan,nan,0.01
7/27/2024 6:57:36,1.17.0,Bandit,0,4.03,nan,30,80,20,Left,Left,518,554,611,11,nan,nan,0.30
7/27/2024 6:57:40,1.17.0,Bandit,0,4.04,1,30,80,20,Pellet,Left,518,554,612,11,0.06,888,nan
7/27/2024 6:58:22,1.17.0,Bandit,0,4.04,nan,30,80,20,Right,Left,518,555,612,12,nan,nan,0.04
7/27/2024 6:58:45,1.17.0,Bandit,0,4.04,nan,30,80,20,Left,Left,519,555,612,12,nan,nan,0.13
7/27/2024 6:58:47,1.17.0,Bandit,0,4.04,nan,30,80,20,LeftinTimeOut,Left,519,555,612,12,nan,nan,nan
7/27/2024 6:58:49,1.17.0,Bandit,0,4.03,nan,30,80,20,LeftinTimeOut,Left,519,555,612,12,nan,nan,nan
7/27/2024 6:58:51,1.17.0,Bandit,0,4.04,nan,30,80,20,LeftinTimeOut,Left,519,555,612,12,nan,nan,nan
7/27/2024 6:58:53,1.17.0,Bandit,0,4.04,nan,30,80,20,LeftinTimeOut,Left,519,555,612,12,nan,nan,nan
7/27/2024 6:59:05,1.17.0,Bandit,0,4.04,nan,30,80,20,Left,Left,520,555,612,12,nan,nan,0.15
7/27/2024 6:59:07,1.17.0,Bandit,0,4.04,nan,30,80,20,LeftinTimeOut,Left,520,555,612,12,nan,nan,nan
7/27/2024 8:56:36,1.17.0,Bandit,0,4.03,nan,30,80,20,Left,Left,521,555,612,12,nan,nan,0.00
7/27/2024 8:56:39,1.17.0,Bandit,0,4.03,1,30,80,20,Pellet,Left,521,555,613,12,0.06,7139,nan
7/27/2024 8:56:59,1.17.0,Bandit,0,4.04,nan,30,80,20,Right,Left,521,556,613,13,nan,nan,0.14
7/27/2024 8:57:05,1.17.0,Bandit,0,4.03,2,30,80,20,Pellet,Left,521,556,614,13,0.06,26,nan
7/27/2024 8:57:32,1.17.0,Bandit,0,4.03,nan,30,80,20,Left,Left,522,556,614,14,nan,nan,0.21
7/27/2024 8:57:34,1.17.0,Bandit,0,4.03,nan,30,80,20,LeftinTimeOut,Left,522,556,614,14,nan,nan,nan
7/27/2024 9:00:11,1.17.0,Bandit,0,4.03,nan,30,80,20,Right,Left,522,557,614,14,nan,nan,0.03
7/27/2024 9:01:00,1.17.0,Bandit,0,4.03,nan,30,80,20,Left,Left,523,557,614,14,nan,nan,0.23
7/27/2024 9:01:03,1.17.0,Bandit,0,4.03,1,30,80,20,Pellet,Left,523,557,615,14,0.06,238,nan
7/27/2024 9:01:21,1.17.0,Bandit,0,4.04,nan,30,80,20,Right,Left,523,558,615,15,nan,nan,0.05
7/27/2024 9:01:28,1.17.0,Bandit,0,4.04,nan,30,80,20,LeftinTimeOut,Left,523,558,615,15,nan,nan,nan
7/27/2024 9:02:12,1.17.0,Bandit,0,4.04,nan,30,80,20,Left,Left,524,558,615,15,nan,nan,0.02
7/27/2024 9:02:16,1.17.0,Bandit,0,4.03,2,30,80,20,Pellet,Left,524,558,616,15,0.06,73,nan
7/27/2024 9:06:45,1.17.0,Bandit,0,4.03,nan,30,80,20,Right,Left,524,559,616,16,nan,nan,0.29
7/27/2024 9:06:51,1.17.0,Bandit,0,4.03,nan,30,80,20,LeftinTimeOut,Left,524,559,616,16,nan,nan,nan
7/27/2024 9:06:51,1.17.0,Bandit,0,4.03,nan,30,80,20,LeftinTimeOut,Left,524,559,616,16,nan,nan,nan
7/27/2024 9:06:52,1.17.0,Bandit,0,4.03,nan,30,80,20,LeftinTimeOut,Left,524,559,616,16,nan,nan,nan
7/27/2024 9:06:56,1.17.0,Bandit,0,4.03,nan,30,80,20,LeftinTimeOut,Left,524,559,616,16,nan,nan,nan
7/27/2024 9:06:59,1.17.0,Bandit,0,4.04,nan,30,80,20,LeftinTimeOut,Left,524,559,616,16,nan,nan,nan
7/27/2024 9:07:11,1.17.0,Bandit,0,4.03,nan,30,80,20,Right,Left,524,560,616,16,nan,nan,0.02
7/27/2024 9:07:35,1.17.0,Bandit,0,4.03,nan,30,80,20,Right,Left,524,561,616,16,nan,nan,0.17
7/27/2024 9:08:35,1.17.0,Bandit,0,4.04,nan,30,80,20,Left,Left,525,561,616,16,nan,nan,0.29
7/27/2024 9:08:38,1.17.0,Bandit,0,4.03,1,30,80,20,Pellet,Left,525,561,617,16,0.06,382,nan
7/27/2024 9:08:53,1.17.0,Bandit,0,4.03,nan,30,80,20,Right,Left,525,562,617,17,nan,nan,0.17
7/27/2024 9:08:57,1.17.0,Bandit,0,4.03,1,30,80,20,Pellet,Left,525,562,618,17,0.06,19,nan
7/27/2024 9:09:15,1.17.0,Bandit,0,4.03,nan,30,80,20,Right,Left,525,563,618,18,nan,nan,0.05
7/27/2024 9:09:35,1.17.0,Bandit,0,4.03,nan,30,80,20,Right,Left,525,564,618,18,nan,nan,0.68
7/27/2024 9:09:48,1.17.0,Bandit,0,4.03,nan,30,80,20,Right,Left,525,565,618,18,nan,nan,0.81
7/27/2024 9:11:16,1.17.0,Bandit,0,4.03,nan,30,80,20,Right,Left,525,566,618,18,nan,nan,0.08
7/27/2024 9:15:40,1.17.0,Bandit,0,4.03,nan,30,80,20,Left,Left,526,566,618,18,nan,nan,0.32
7/27/2024 9:15:43,1.17.0,Bandit,0,4.03,1,30,80,20,Pellet,Left,526,566,619,18,0.06,406,nan
7/27/2024 9:16:01,1.17.0,Bandit,0,4.03,nan,30,80,20,Right,Left,526,567,619,19,nan,nan,0.11
7/27/2024 9:16:13,1.17.0,Bandit,0,4.03,nan,30,80,20,LeftinTimeOut,Left,526,567,619,19,nan,nan,nan
7/27/2024 9:17:30,1.17.0,Bandit,0,4.03,nan,30,80,20,Left,Left,527,567,619,19,nan,nan,0.35
7/27/2024 11:23:26,1.17.0,Bandit,0,4.02,nan,30,80,20,Left,Left,528,567,619,19,nan,nan,0.19
7/27/2024 11:23:29,1.17.0,Bandit,0,4.03,1,30,80,20,Pellet,Left,528,567,620,19,0.06,7666,nan
7/27/2024 11:23:47,1.17.0,Bandit,0,4.03,nan,30,80,20,Right,Left,528,568,620,20,nan,nan,0.38
7/27/2024 11:24:08,1.17.0,Bandit,0,4.03,nan,30,80,20,Right,Left,528,569,620,20,nan,nan,0.65
7/27/2024 11:24:36,1.17.0,Bandit,0,4.03,nan,30,80,20,Left,Left,529,569,620,20,nan,nan,0.10
7/27/2024 11:24:39,1.17.0,Bandit,0,4.03,1,30,80,20,Pellet,Left,529,569,621,20,0.06,70,nan
7/27/2024 11:24:55,1.17.0,Bandit,0,4.03,nan,30,80,20,Right,Left,529,570,621,21,nan,nan,1.43
7/27/2024 11:25:28,1.17.0,Bandit,0,4.03,nan,30,80,20,Right,Left,529,571,621,21,nan,nan,0.28
7/27/2024 11:25:31,1.17.0,Bandit,0,4.03,1,30,80,20,Pellet,Left,529,571,622,21,0.12,52,nan
7/27/2024 11:25:48,1.17.0,Bandit,0,4.03,nan,30,80,20,Right,Left,529,572,622,22,nan,nan,0.03
7/27/2024 11:26:22,1.17.0,Bandit,0,4.03,nan,30,80,20,Left,Left,530,572,622,22,nan,nan,0.45
7/27/2024 11:30:31,1.17.0,Bandit,0,4.02,nan,30,80,20,Left,Left,531,572,622,22,nan,nan,0.54
7/27/2024 11:30:34,1.17.0,Bandit,0,4.03,2,30,80,20,Pellet,Left,531,572,623,22,0.18,303,nan
7/27/2024 11:30:48,1.17.0,Bandit,0,4.03,nan,30,80,20,Right,Left,531,573,623,23,nan,nan,0.02
7/27/2024 11:30:52,1.17.0,Bandit,0,4.03,1,30,80,20,Pellet,Left,531,573,624,23,0.85,18,nan
7/27/2024 11:30:55,1.17.0,Bandit,0,4.03,nan,30,80,20,Right,Left,531,574,624,24,nan,nan,0.04
7/27/2024 11:31:02,1.17.0,Bandit,0,4.03,nan,30,80,20,LeftinTimeOut,Left,531,574,624,24,nan,nan,nan
7/27/2024 11:31:03,1.17.0,Bandit,0,4.03,nan,30,80,20,LeftinTimeOut,Left,531,574,624,24,nan,nan,nan
7/27/2024 11:31:04,1.17.0,Bandit,0,4.03,nan,30,80,20,LeftinTimeOut,Left,531,574,624,24,nan,nan,nan
7/27/2024 11:31:31,1.17.0,Bandit,0,4.02,nan,30,80,20,Left,Left,532,574,624,24,nan,nan,0.13
7/27/2024 11:31:35,1.17.0,Bandit,0,4.03,2,30,80,20,Pellet,Left,532,574,625,24,0.06,43,nan
7/27/2024 11:31:47,1.17.0,Bandit,0,4.03,nan,30,80,20,Left,Left,533,574,625,25,nan,nan,0.49
7/27/2024 11:31:51,1.17.0,Bandit,0,4.02,2,30,80,20,Pellet,Left,533,574,626,25,0.06,16,nan
7/27/2024 11:32:01,1.17.0,Bandit,0,4.03,nan,30,80,20,Left,Left,534,574,626,26,nan,nan,0.30
7/27/2024 11:32:02,1.17.0,Bandit,0,4.03,nan,30,80,20,LeftinTimeOut,Left,534,574,626,26,nan,nan,nan
7/27/2024 11:32:03,1.17.0,Bandit,0,4.03,nan,30,80,20,LeftinTimeOut,Left,534,574,626,26,nan,nan,nan
7/27/2024 11:32:05,1.17.0,Bandit,0,4.03,nan,30,80,20,LeftinTimeOut,Left,534,574,626,26,nan,nan,nan
7/27/2024 11:33:34,1.17.0,Bandit,0,4.03,nan,30,80,20,Left,Left,535,574,626,26,nan,nan,0.06
7/27/2024 11:33:38,1.17.0,Bandit,0,4.03,1,30,80,20,Pellet,Left,535,574,627,26,0.06,107,nan
7/27/2024 11:34:15,1.17.0,Bandit,0,4.03,nan,30,80,20,Left,Left,536,574,627,27,nan,nan,0.31
7/27/2024 11:34:17,1.17.0,Bandit,0,4.03,nan,30,80,20,LeftinTimeOut,Left,536,574,627,27,nan,nan,nan
7/27/2024 11:35:17,1.17.0,Bandit,0,4.03,nan,30,80,20,Left,Left,537,574,627,27,nan,nan,0.15
7/27/2024 11:35:20,1.17.0,Bandit,0,4.02,1,30,80,20,Pellet,Left,537,574,628,27,0.06,102,nan
7/27/2024 11:35:42,1.17.0,Bandit,0,4.03,nan,30,80,20,Left,Left,538,574,628,28,nan,nan,0.03
7/27/2024 11:35:43,1.17.0,Bandit,0,4.03,nan,30,80,20,LeftinTimeOut,Left,538,574,628,28,nan,nan,nan
7/27/2024 11:35:44,1.17.0,Bandit,0,4.03,nan,30,80,20,LeftinTimeOut,Left,538,574,628,28,nan,nan,nan
7/27/2024 11:36:25,1.17.0,Bandit,0,4.03,nan,30,80,20,Left,Left,539,574,628,28,nan,nan,0.02
7/27/2024 11:36:31,1.17.0,Bandit,0,4.02,2,30,80,20,Pellet,Left,539,574,629,28,0.06,71,nan
7/27/2024 11:38:15,1.17.0,Bandit,0,4.02,nan,30,80,20,Right,Left,539,575,629,29,nan,nan,0.18
7/27/2024 11:43:36,1.17.0,Bandit,0,4.03,nan,30,80,20,Left,Left,540,575,629,29,nan,nan,0.02
7/27/2024 11:43:39,1.17.0,Bandit,0,4.02,1,30,80,20,Pellet,Left,540,575,630,29,0.06,428,nan
7/27/2024 11:43:53,1.17.0,Bandit,0,4.03,nan,30,20,80,Left,Right,541,575,630,0,nan,nan,0.43
7/27/2024 11:43:58,1.17.0,Bandit,0,4.03,nan,30,20,80,LeftinTimeOut,Right,541,575,630,0,nan,nan,nan
7/27/2024 13:53:40,1.17.0,Bandit,0,4.02,nan,30,20,80,Right,Right,541,576,630,0,nan,nan,0.04
7/27/2024 13:53:43,1.17.0,Bandit,0,4.03,1,30,20,80,Pellet,Right,541,576,631,0,0.06,7804,nan
7/27/2024 13:53:58,1.17.0,Bandit,0,4.02,nan,30,20,80,Right,Right,541,577,631,1,nan,nan,0.83
7/27/2024 13:54:02,1.17.0,Bandit,0,4.03,1,30,20,80,Pellet,Right,541,577,632,1,1.46,19,nan
7/27/2024 13:54:05,1.17.0,Bandit,0,4.03,nan,30,20,80,Right,Right,541,578,632,2,nan,nan,0.85
7/27/2024 13:54:08,1.17.0,Bandit,0,4.03,1,30,20,80,Pellet,Right,541,578,633,2,0.18,6,nan
7/27/2024 13:54:23,1.17.0,Bandit,0,4.01,nan,30,20,80,Right,Right,541,579,633,3,nan,nan,0.52
7/27/2024 13:54:26,1.17.0,Bandit,0,4.03,1,30,20,80,Pellet,Right,541,579,634,3,0.42,18,nan
7/27/2024 13:54:53,1.17.0,Bandit,0,4.03,nan,30,20,80,Right,Right,541,580,634,4,nan,nan,0.50
7/27/2024 13:54:57,1.17.0,Bandit,0,4.03,1,30,20,80,Pellet,Right,541,580,635,4,1.22,31,nan
7/27/2024 13:55:03,1.17.0,Bandit,0,4.03,nan,30,20,80,Left,Right,542,580,635,5,nan,nan,0.02
7/27/2024 13:55:05,1.17.0,Bandit,0,4.03,nan,30,20,80,LeftinTimeOut,Right,542,580,635,5,nan,nan,nan
7/27/2024 13:55:25,1.17.0,Bandit,0,4.02,nan,30,20,80,Right,Right,542,581,635,5,nan,nan,0.56
7/27/2024 13:55:28,1.17.0,Bandit,0,4.03,1,30,20,80,Pellet,Right,542,581,636,5,0.36,31,nan
7/27/2024 13:55:57,1.17.0,Bandit,0,4.03,nan,30,20,80,Right,Right,542,582,636,6,nan,nan,0.06
7/27/2024 13:56:00,1.17.0,Bandit,0,4.03,1,30,20,80,Pellet,Right,542,582,637,6,0.36,32,nan
7/27/2024 13:56:37,1.17.0,Bandit,0,4.03,nan,30,20,80,Left,Right,543,582,637,7,nan,nan,0.02
7/27/2024 13:56:59,1.17.0,Bandit,0,4.02,nan,30,20,80,Left,Right,544,582,637,7,nan,nan,0.58
7/27/2024 13:57:21,1.17.0,Bandit,0,4.03,nan,30,20,80,Right,Right,544,583,637,7,nan,nan,0.06
7/27/2024 13:57:24,1.17.0,Bandit,0,4.03,1,30,20,80,Pellet,Right,544,583,638,7,0.36,84,nan
7/27/2024 13:58:26,1.17.0,Bandit,0,4.02,nan,30,20,80,Right,Right,544,584,638,8,nan,nan,0.05
7/27/2024 14:15:16,1.17.0,Bandit,0,4.03,nan,30,20,80,Left,Right,545,584,638,8,nan,nan,0.96
7/27/2024 14:20:07,1.17.0,Bandit,0,4.02,nan,30,20,80,Left,Right,546,584,638,8,nan,nan,0.02
7/27/2024 14:20:12,1.17.0,Bandit,0,4.03,3,30,20,80,Pellet,Right,546,584,639,8,0.06,1368,nan
7/27/2024 14:26:38,1.17.0,Bandit,0,4.03,nan,30,20,80,Left,Right,547,584,639,9,nan,nan,0.01
7/27/2024 14:26:42,1.17.0,Bandit,0,4.02,1,30,20,80,Pellet,Right,547,584,640,9,0.06,390,nan
7/27/2024 14:27:27,1.17.0,Bandit,0,4.03,nan,30,20,80,Left,Right,548,584,640,10,nan,nan,0.01
7/27/2024 14:28:31,1.17.0,Bandit,0,4.03,nan,30,20,80,Left,Right,549,584,640,10,nan,nan,0.05
7/27/2024 14:28:33,1.17.0,Bandit,0,4.02,nan,30,20,80,LeftinTimeOut,Right,549,584,640,10,nan,nan,nan
7/27/2024 14:28:34,1.17.0,Bandit,0,4.03,nan,30,20,80,LeftinTimeOut,Right,549,584,640,10,nan,nan,nan
7/27/2024 14:28:55,1.17.0,Bandit,0,4.03,nan,30,20,80,Right,Right,549,585,640,10,nan,nan,0.28
7/27/2024 14:31:20,1.17.0,Bandit,0,4.03,nan,30,20,80,Right,Right,549,586,640,10,nan,nan,0.02
7/27/2024 14:31:24,1.17.0,Bandit,0,4.02,1,30,20,80,Pellet,Right,549,586,641,10,0.36,282,nan
7/27/2024 14:31:48,1.17.0,Bandit,0,4.02,nan,30,20,80,Right,Right,549,587,641,11,nan,nan,0.43
7/27/2024 14:31:51,1.17.0,Bandit,0,4.02,1,30,20,80,Pellet,Right,549,587,642,11,0.61,27,nan
7/27/2024 14:31:56,1.17.0,Bandit,0,4.03,nan,30,20,80,Left,Right,550,587,642,12,nan,nan,0.21
7/27/2024 14:31:58,1.17.0,Bandit,0,4.03,nan,30,20,80,LeftinTimeOut,Right,550,587,642,12,nan,nan,nan
7/27/2024 15:20:49,1.17.0,Bandit,0,4.02,nan,30,20,80,Left,Right,551,587,642,12,nan,nan,0.01
7/27/2024 15:21:09,1.17.0,Bandit,0,4.02,nan,30,20,80,Left,Right,552,587,642,12,nan,nan,0.20
7/27/2024 15:21:20,1.17.0,Bandit,0,4.01,nan,30,20,80,LeftinTimeOut,Right,552,587,642,12,nan,nan,nan
7/27/2024 15:21:21,1.17.0,Bandit,0,4.02,nan,30,20,80,LeftinTimeOut,Right,552,587,642,12,nan,nan,nan
7/27/2024 15:21:25,1.17.0,Bandit,0,4.02,nan,30,20,80,LeftinTimeOut,Right,552,587,642,12,nan,nan,nan
7/27/2024 15:21:28,1.17.0,Bandit,0,4.02,nan,30,20,80,LeftinTimeOut,Right,552,587,642,12,nan,nan,nan
7/27/2024 15:37:42,1.17.0,Bandit,0,4.02,nan,30,20,80,Left,Right,553,587,642,12,nan,nan,0.36
7/27/2024 16:31:52,1.17.0,Bandit,0,4.01,nan,30,20,80,Right,Right,553,588,642,12,nan,nan,0.01
7/27/2024 16:31:55,1.17.0,Bandit,0,4.02,1,30,20,80,Pellet,Right,553,588,643,12,0.06,7204,nan
7/27/2024 16:32:19,1.17.0,Bandit,0,4.02,nan,30,20,80,Left,Right,554,588,643,13,nan,nan,0.06
7/27/2024 16:32:23,1.17.0,Bandit,0,4.02,1,30,20,80,Pellet,Right,554,588,644,13,0.06,27,nan
7/27/2024 16:32:43,1.17.0,Bandit,0,4.02,nan,30,20,80,Right,Right,554,589,644,14,nan,nan,0.04
7/27/2024 16:32:46,1.17.0,Bandit,0,4.03,1,30,20,80,Pellet,Right,554,589,645,14,0.06,24,nan
7/27/2024 16:33:06,1.17.0,Bandit,0,4.03,nan,30,20,80,Right,Right,554,590,645,15,nan,nan,0.10
7/27/2024 16:33:09,1.17.0,Bandit,0,4.02,1,30,20,80,Pellet,Right,554,590,646,15,0.30,23,nan
7/27/2024 16:33:18,1.17.0,Bandit,0,4.02,nan,30,20,80,Left,Right,555,590,646,16,nan,nan,0.13
7/27/2024 16:33:19,1.17.0,Bandit,0,4.02,nan,30,20,80,LeftinTimeOut,Right,555,590,646,16,nan,nan,nan
7/27/2024 16:33:20,1.17.0,Bandit,0,4.03,nan,30,20,80,LeftinTimeOut,Right,555,590,646,16,nan,nan,nan
7/27/2024 16:33:22,1.17.0,Bandit,0,4.02,nan,30,20,80,LeftinTimeOut,Right,555,590,646,16,nan,nan,nan
7/27/2024 16:33:45,1.17.0,Bandit,0,4.02,nan,30,20,80,Left,Right,556,590,646,16,nan,nan,0.06
7/27/2024 16:33:47,1.17.0,Bandit,0,4.03,nan,30,20,80,LeftinTimeOut,Right,556,590,646,16,nan,nan,nan
7/27/2024 16:33:49,1.17.0,Bandit,0,4.02,nan,30,20,80,LeftinTimeOut,Right,556,590,646,16,nan,nan,nan
7/27/2024 16:33:51,1.17.0,Bandit,0,4.02,nan,30,20,80,LeftinTimeOut,Right,556,590,646,16,nan,nan,nan
7/27/2024 16:34:14,1.17.0,Bandit,0,4.01,nan,30,20,80,Left,Right,557,590,646,16,nan,nan,0.12
7/27/2024 16:34:39,1.17.0,Bandit,0,4.02,nan,30,20,80,Left,Right,558,590,646,16,nan,nan,0.07
7/27/2024 16:34:47,1.17.0,Bandit,0,4.02,nan,30,20,80,LeftinTimeOut,Right,558,590,646,16,nan,nan,nan
7/27/2024 16:36:26,1.17.0,Bandit,0,4.02,nan,30,20,80,Left,Right,559,590,646,16,nan,nan,0.02
7/27/2024 16:37:28,1.17.0,Bandit,0,4.02,nan,30,20,80,Right,Right,559,591,646,16,nan,nan,0.71
7/27/2024 16:37:55,1.17.0,Bandit,0,4.02,nan,30,20,80,Left,Right,560,591,646,16,nan,nan,0.21
7/27/2024 16:37:58,1.17.0,Bandit,0,4.02,1,30,20,80,Pellet,Right,560,591,647,16,0.18,289,nan
7/27/2024 16:38:14,1.17.0,Bandit,0,4.02,nan,30,20,80,Left,Right,561,591,647,17,nan,nan,0.79
7/27/2024 16:38:28,1.17.0,Bandit,0,4.02,nan,30,20,80,Left,Right,562,591,647,17,nan,nan,0.07
7/27/2024 16:38:30,1.17.0,Bandit,0,4.02,nan,30,20,80,LeftinTimeOut,Right,562,591,647,17,nan,nan,nan
7/27/2024 16:38:33,1.17.0,Bandit,0,4.02,nan,30,20,80,LeftinTimeOut,Right,562,591,647,17,nan,nan,nan
7/27/2024 16:38:54,1.17.0,Bandit,0,4.01,nan,30,20,80,Right,Right,562,592,647,17,nan,nan,0.05
7/27/2024 16:38:57,1.17.0,Bandit,0,4.02,1,30,20,80,Pellet,Right,562,592,648,17,0.42,59,nan
7/27/2024 16:39:10,1.17.0,Bandit,0,4.02,nan,30,20,80,Right,Right,562,593,648,18,nan,nan,0.01
7/27/2024 16:39:14,1.17.0,Bandit,0,4.03,2,30,20,80,Pellet,Right,562,593,649,18,0.06,17,nan
7/27/2024 16:39:32,1.17.0,Bandit,0,4.02,nan,30,20,80,Left,Right,563,593,649,19,nan,nan,1.25
7/27/2024 16:39:39,1.17.0,Bandit,0,4.02,nan,30,20,80,LeftinTimeOut,Right,563,593,649,19,nan,nan,nan
7/27/2024 16:40:15,1.17.0,Bandit,0,4.02,nan,30,20,80,Right,Right,563,594,649,19,nan,nan,0.08
7/27/2024 16:40:19,1.17.0,Bandit,0,4.02,2,30,20,80,Pellet,Right,563,594,650,19,0.55,65,nan
7/27/2024 16:40:25,1.17.0,Bandit,0,4.02,nan,30,20,80,Right,Right,563,595,650,20,nan,nan,0.09
7/27/2024 16:40:36,1.17.0,Bandit,0,4.02,nan,30,20,80,LeftinTimeOut,Right,563,595,650,20,nan,nan,nan
7/27/2024 16:40:40,1.17.0,Bandit,0,4.02,nan,30,20,80,LeftinTimeOut,Right,563,595,650,20,nan,nan,nan
7/27/2024 16:41:45,1.17.0,Bandit,0,4.02,nan,30,20,80,Right,Right,563,596,650,20,nan,nan,0.33
7/27/2024 16:41:49,1.17.0,Bandit,0,4.02,1,30,20,80,Pellet,Right,563,596,651,20,0.42,90,nan
7/27/2024 16:42:12,1.17.0,Bandit,0,4.02,nan,30,20,80,Right,Right,563,597,651,21,nan,nan,0.10
7/27/2024 16:42:15,1.17.0,Bandit,0,4.02,1,30,20,80,Pellet,Right,563,597,652,21,0.42,26,nan
7/27/2024 16:42:31,1.17.0,Bandit,0,4.02,nan,30,20,80,Right,Right,563,598,652,22,nan,nan,0.16
7/27/2024 16:42:35,1.17.0,Bandit,0,4.02,1,30,20,80,Pellet,Right,563,598,653,22,1.10,20,nan
7/27/2024 16:42:38,1.17.0,Bandit,0,4.02,nan,30,20,80,Right,Right,563,599,653,23,nan,nan,0.12
7/27/2024 16:42:46,1.17.0,Bandit,0,4.02,nan,30,20,80,LeftinTimeOut,Right,563,599,653,23,nan,nan,nan
7/27/2024 16:42:47,1.17.0,Bandit,0,4.02,nan,30,20,80,LeftinTimeOut,Right,563,599,653,23,nan,nan,nan
7/27/2024 16:43:14,1.17.0,Bandit,0,4.02,nan,30,20,80,Left,Right,564,599,653,23,nan,nan,0.12
7/27/2024 17:57:01,1.17.0,Bandit,0,4.02,nan,30,20,80,Left,Right,565,599,653,23,nan,nan,0.06
7/27/2024 17:57:03,1.17.0,Bandit,0,4.02,nan,30,20,80,LeftinTimeOut,Right,565,599,653,23,nan,nan,nan
7/27/2024 17:57:05,1.17.0,Bandit,0,4.02,nan,30,20,80,LeftinTimeOut,Right,565,599,653,23,nan,nan,nan
7/27/2024 17:57:12,1.17.0,Bandit,0,4.02,nan,30,20,80,LeftinTimeOut,Right,565,599,653,23,nan,nan,nan
7/27/2024 17:57:14,1.17.0,Bandit,0,4.02,nan,30,20,80,LeftinTimeOut,Right,565,599,653,23,nan,nan,nan
7/27/2024 17:57:24,1.17.0,Bandit,0,4.02,nan,30,20,80,LeftinTimeOut,Right,565,599,653,23,nan,nan,nan
7/27/2024 17:57:26,1.17.0,Bandit,0,4.02,nan,30,20,80,LeftinTimeOut,Right,565,599,653,23,nan,nan,nan
7/27/2024 17:57:29,1.17.0,Bandit,0,4.02,nan,30,20,80,LeftinTimeOut,Right,565,599,653,23,nan,nan,nan
7/27/2024 17:57:30,1.17.0,Bandit,0,4.02,nan,30,20,80,LeftinTimeOut,Right,565,599,653,23,nan,nan,nan
7/27/2024 17:58:31,1.17.0,Bandit,0,4.02,nan,30,20,80,Left,Right,566,599,653,23,nan,nan,0.12
7/27/2024 17:58:33,1.17.0,Bandit,0,4.02,nan,30,20,80,LeftinTimeOut,Right,566,599,653,23,nan,nan,nan
7/27/2024 17:58:34,1.17.0,Bandit,0,4.02,nan,30,20,80,LeftinTimeOut,Right,566,599,653,23,nan,nan,nan
7/27/2024 17:58:35,1.17.0,Bandit,0,4.02,nan,30,20,80,LeftinTimeOut,Right,566,599,653,23,nan,nan,nan
7/27/2024 17:58:36,1.17.0,Bandit,0,4.02,nan,30,20,80,LeftinTimeOut,Right,566,599,653,23,nan,nan,nan
7/27/2024 17:58:37,1.17.0,Bandit,0,4.02,nan,30,20,80,LeftinTimeOut,Right,566,599,653,23,nan,nan,nan
7/27/2024 17:58:58,1.17.0,Bandit,0,4.02,nan,30,20,80,Left,Right,567,599,653,23,nan,nan,2.72
7/27/2024 17:59:00,1.17.0,Bandit,0,4.02,nan,30,20,80,LeftinTimeOut,Right,567,599,653,23,nan,nan,nan
7/27/2024 17:59:01,1.17.0,Bandit,0,4.02,nan,30,20,80,LeftinTimeOut,Right,567,599,653,23,nan,nan,nan
7/27/2024 17:59:01,1.17.0,Bandit,0,4.02,nan,30,20,80,LeftinTimeOut,Right,567,599,653,23,nan,nan,nan
7/27/2024 17:59:01,1.17.0,Bandit,0,4.02,nan,30,20,80,LeftinTimeOut,Right,567,599,653,23,nan,nan,nan
7/27/2024 17:59:05,1.17.0,Bandit,0,4.02,nan,30,20,80,LeftinTimeOut,Right,567,599,653,23,nan,nan,nan
7/27/2024 17:59:06,1.17.0,Bandit,0,4.01,nan,30,20,80,LeftinTimeOut,Right,567,599,653,23,nan,nan,nan
7/27/2024 17:59:36,1.17.0,Bandit,0,4.02,nan,30,20,80,Left,Right,568,599,653,23,nan,nan,0.67
7/27/2024 17:59:46,1.17.0,Bandit,0,4.02,nan,30,20,80,LeftinTimeOut,Right,568,599,653,23,nan,nan,nan
7/27/2024 17:59:49,1.17.0,Bandit,0,4.02,nan,30,20,80,LeftinTimeOut,Right,568,599,653,23,nan,nan,nan
7/27/2024 17:59:53,1.17.0,Bandit,0,4.02,nan,30,20,80,LeftinTimeOut,Right,568,599,653,23,nan,nan,nan
7/27/2024 17:59:56,1.17.0,Bandit,0,4.02,nan,30,20,80,LeftinTimeOut,Right,568,599,653,23,nan,nan,nan
7/27/2024 17:59:57,1.17.0,Bandit,0,4.02,nan,30,20,80,LeftinTimeOut,Right,568,599,653,23,nan,nan,nan
7/27/2024 17:59:59,1.17.0,Bandit,0,4.02,nan,30,20,80,LeftinTimeOut,Right,568,599,653,23,nan,nan,nan
7/27/2024 18:00:05,1.17.0,Bandit,0,4.02,nan,30,20,80,LeftinTimeOut,Right,568,599,653,23,nan,nan,nan
7/27/2024 18:00:05,1.17.0,Bandit,0,4.02,nan,30,20,80,LeftinTimeOut,Right,568,599,653,23,nan,nan,nan
7/27/2024 18:00:05,1.17.0,Bandit,0,4.01,nan,30,20,80,LeftinTimeOut,Right,568,599,653,23,nan,nan,nan
7/27/2024 18:00:07,1.17.0,Bandit,0,4.02,nan,30,20,80,LeftinTimeOut,Right,568,599,653,23,nan,nan,nan
7/27/2024 18:00:08,1.17.0,Bandit,0,4.02,nan,30,20,80,LeftinTimeOut,Right,568,599,653,23,nan,nan,nan
7/27/2024 18:00:09,1.17.0,Bandit,0,4.02,nan,30,20,80,LeftinTimeOut,Right,568,599,653,23,nan,nan,nan
7/27/2024 18:00:12,1.17.0,Bandit,0,4.02,nan,30,20,80,LeftinTimeOut,Right,568,599,653,23,nan,nan,nan
7/27/2024 18:00:15,1.17.0,Bandit,0,4.02,nan,30,20,80,LeftinTimeOut,Right,568,599,653,23,nan,nan,nan
7/27/2024 18:00:16,1.17.0,Bandit,0,4.02,nan,30,20,80,LeftinTimeOut,Right,568,599,653,23,nan,nan,nan
7/27/2024 18:00:17,1.17.0,Bandit,0,4.02,nan,30,20,80,LeftinTimeOut,Right,568,599,653,23,nan,nan,nan
7/27/2024 18:00:18,1.17.0,Bandit,0,4.02,nan,30,20,80,LeftinTimeOut,Right,568,599,653,23,nan,nan,nan
7/27/2024 18:00:19,1.17.0,Bandit,0,4.02,nan,30,20,80,LeftinTimeOut,Right,568,599,653,23,nan,nan,nan
7/27/2024 18:00:24,1.17.0,Bandit,0,4.02,nan,30,20,80,LeftinTimeOut,Right,568,599,653,23,nan,nan,nan
7/27/2024 18:00:33,1.17.0,Bandit,0,4.02,nan,30,20,80,Left,Right,569,599,653,23,nan,nan,0.01
7/27/2024 18:00:34,1.17.0,Bandit,0,4.02,nan,30,20,80,LeftinTimeOut,Right,569,599,653,23,nan,nan,nan
7/27/2024 18:00:34,1.17.0,Bandit,0,4.02,nan,30,20,80,LeftinTimeOut,Right,569,599,653,23,nan,nan,nan
7/27/2024 18:00:36,1.17.0,Bandit,0,4.02,nan,30,20,80,LeftinTimeOut,Right,569,599,653,23,nan,nan,nan
7/27/2024 18:00:39,1.17.0,Bandit,0,4.02,nan,30,20,80,LeftinTimeOut,Right,569,599,653,23,nan,nan,nan
7/27/2024 18:00:40,1.17.0,Bandit,0,4.02,nan,30,20,80,LeftinTimeOut,Right,569,599,653,23,nan,nan,nan
7/27/2024 18:00:47,1.17.0,Bandit,0,4.02,nan,30,20,80,LeftinTimeOut,Right,569,599,653,23,nan,nan,nan
7/27/2024 18:00:48,1.17.0,Bandit,0,4.02,nan,30,20,80,LeftinTimeOut,Right,569,599,653,23,nan,nan,nan
7/27/2024 18:00:48,1.17.0,Bandit,0,4.02,nan,30,20,80,LeftinTimeOut,Right,569,599,653,23,nan,nan,nan
7/27/2024 18:00:48,1.17.0,Bandit,0,4.02,nan,30,20,80,LeftinTimeOut,Right,569,599,653,23,nan,nan,nan
7/27/2024 18:00:48,1.17.0,Bandit,0,4.02,nan,30,20,80,LeftinTimeOut,Right,569,599,653,23,nan,nan,nan
7/27/2024 18:00:49,1.17.0,Bandit,0,4.02,nan,30,20,80,LeftinTimeOut,Right,569,599,653,23,nan,nan,nan
7/27/2024 18:00:50,1.17.0,Bandit,0,4.02,nan,30,20,80,LeftinTimeOut,Right,569,599,653,23,nan,nan,nan
7/27/2024 18:00:51,1.17.0,Bandit,0,4.02,nan,30,20,80,LeftinTimeOut,Right,569,599,653,23,nan,nan,nan
7/27/2024 18:00:51,1.17.0,Bandit,0,4.02,nan,30,20,80,LeftinTimeOut,Right,569,599,653,23,nan,nan,nan
7/27/2024 18:00:52,1.17.0,Bandit,0,4.02,nan,30,20,80,LeftinTimeOut,Right,569,599,653,23,nan,nan,nan
7/27/2024 18:00:52,1.17.0,Bandit,0,4.02,nan,30,20,80,LeftinTimeOut,Right,569,599,653,23,nan,nan,nan
7/27/2024 18:00:53,1.17.0,Bandit,0,4.02,nan,30,20,80,LeftinTimeOut,Right,569,599,653,23,nan,nan,nan
7/27/2024 18:00:53,1.17.0,Bandit,0,4.02,nan,30,20,80,LeftinTimeOut,Right,569,599,653,23,nan,nan,nan
7/27/2024 18:00:53,1.17.0,Bandit,0,4.02,nan,30,20,80,LeftinTimeOut,Right,569,599,653,23,nan,nan,nan
7/27/2024 18:00:59,1.17.0,Bandit,0,4.02,nan,30,20,80,LeftinTimeOut,Right,569,599,653,23,nan,nan,nan
7/27/2024 18:00:59,1.17.0,Bandit,0,4.02,nan,30,20,80,LeftinTimeOut,Right,569,599,653,23,nan,nan,nan
7/27/2024 18:01:01,1.17.0,Bandit,0,4.02,nan,30,20,80,LeftinTimeOut,Right,569,599,653,23,nan,nan,nan
7/27/2024 18:01:02,1.17.0,Bandit,0,4.02,nan,30,20,80,LeftinTimeOut,Right,569,599,653,23,nan,nan,nan
7/27/2024 18:01:03,1.17.0,Bandit,0,4.02,nan,30,20,80,LeftinTimeOut,Right,569,599,653,23,nan,nan,nan
7/27/2024 18:01:03,1.17.0,Bandit,0,4.02,nan,30,20,80,LeftinTimeOut,Right,569,599,653,23,nan,nan,nan
7/27/2024 18:01:04,1.17.0,Bandit,0,4.01,nan,30,20,80,LeftinTimeOut,Right,569,599,653,23,nan,nan,nan
7/27/2024 18:01:04,1.17.0,Bandit,0,4.02,nan,30,20,80,LeftinTimeOut,Right,569,599,653,23,nan,nan,nan
7/27/2024 18:01:06,1.17.0,Bandit,0,4.02,nan,30,20,80,LeftinTimeOut,Right,569,599,653,23,nan,nan,nan
7/27/2024 18:01:07,1.17.0,Bandit,0,4.02,nan,30,20,80,LeftinTimeOut,Right,569,599,653,23,nan,nan,nan
7/27/2024 18:01:11,1.17.0,Bandit,0,4.02,nan,30,20,80,LeftinTimeOut,Right,569,599,653,23,nan,nan,nan
7/27/2024 18:01:15,1.17.0,Bandit,0,4.02,nan,30,20,80,LeftinTimeOut,Right,569,599,653,23,nan,nan,nan
7/27/2024 18:01:28,1.17.0,Bandit,0,4.02,nan,30,20,80,Left,Right,570,599,653,23,nan,nan,0.55
7/27/2024 18:01:31,1.17.0,Bandit,0,4.02,1,30,20,80,Pellet,Right,570,599,654,23,0.36,4736,nan
7/27/2024 18:01:47,1.17.0,Bandit,0,4.02,nan,30,20,80,Right,Right,570,600,654,24,nan,nan,0.08
7/27/2024 18:01:50,1.17.0,Bandit,0,4.03,2,30,20,80,Pellet,Right,570,600,655,24,0.06,19,nan
7/27/2024 18:02:04,1.17.0,Bandit,0,4.02,nan,30,20,80,Right,Right,570,601,655,25,nan,nan,0.10
7/27/2024 18:02:08,1.17.0,Bandit,0,4.02,2,30,20,80,Pellet,Right,570,601,656,25,0.06,18,nan
7/27/2024 18:02:25,1.17.0,Bandit,0,4.02,nan,30,20,80,Right,Right,570,602,656,26,nan,nan,0.02
7/27/2024 18:02:29,1.17.0,Bandit,0,4.02,1,30,20,80,Pellet,Right,570,602,657,26,0.42,20,nan
7/27/2024 18:02:45,1.17.0,Bandit,0,4.02,nan,30,20,80,Right,Right,570,603,657,27,nan,nan,0.14
7/27/2024 18:02:48,1.17.0,Bandit,0,4.02,1,30,20,80,Pellet,Right,570,603,658,27,0.06,20,nan
7/27/2024 18:02:53,1.17.0,Bandit,0,4.02,nan,30,20,80,Right,Right,570,604,658,28,nan,nan,0.11
7/27/2024 18:02:56,1.17.0,Bandit,0,4.02,1,30,20,80,Pellet,Right,570,604,659,28,0.06,8,nan
7/27/2024 18:03:07,1.17.0,Bandit,0,4.02,nan,30,20,80,Right,Right,570,605,659,29,nan,nan,0.03
7/27/2024 18:03:10,1.17.0,Bandit,0,4.02,1,30,20,80,Pellet,Right,570,605,660,29,0.55,14,nan
7/27/2024 18:03:22,1.17.0,Bandit,0,4.02,nan,30,80,20,Right,Left,570,606,660,0,nan,nan,0.12
7/27/2024 18:03:26,1.17.0,Bandit,0,4.02,nan,30,80,20,LeftinTimeOut,Left,570,606,660,0,nan,nan,nan
7/27/2024 18:05:19,1.17.0,Bandit,0,4.02,nan,30,80,20,Left,Left,571,606,660,0,nan,nan,0.06
7/27/2024 18:05:23,1.17.0,Bandit,0,4.02,1,30,80,20,Pellet,Left,571,606,661,0,0.73,133,nan
7/27/2024 18:05:28,1.17.0,Bandit,0,4.02,nan,30,80,20,Right,Left,571,607,661,1,nan,nan,0.61
7/27/2024 18:05:57,1.17.0,Bandit,0,4.02,nan,30,80,20,Right,Left,571,608,661,1,nan,nan,0.10
7/27/2024 18:09:44,1.17.0,Bandit,0,4.02,nan,30,80,20,Right,Left,571,609,661,1,nan,nan,0.08
7/27/2024 18:10:06,1.17.0,Bandit,0,4.02,nan,30,80,20,Right,Left,571,610,661,1,nan,nan,0.09
7/27/2024 18:11:51,1.17.0,Bandit,0,4.02,nan,30,80,20,Left,Left,572,610,661,1,nan,nan,0.40
7/27/2024 18:11:55,1.17.0,Bandit,0,4.02,2,30,80,20,Pellet,Left,572,610,662,1,0.06,392,nan
7/27/2024 18:12:11,1.17.0,Bandit,0,4.01,nan,30,80,20,Right,Left,572,611,662,2,nan,nan,0.58
7/27/2024 18:12:28,1.17.0,Bandit,0,4.03,nan,30,80,20,Left,Left,573,611,662,2,nan,nan,0.08
7/27/2024 18:12:31,1.17.0,Bandit,0,4.02,1,30,80,20,Pellet,Left,573,611,663,2,0.30,36,nan
7/27/2024 18:12:49,1.17.0,Bandit,0,4.02,nan,30,80,20,Right,Left,573,612,663,3,nan,nan,0.50
7/27/2024 18:12:53,1.17.0,Bandit,0,4.02,nan,30,80,20,LeftinTimeOut,Left,573,612,663,3,nan,nan,nan
7/27/2024 18:13:45,1.17.0,Bandit,0,4.02,nan,30,80,20,Right,Left,573,613,663,3,nan,nan,0.13
7/27/2024 18:14:14,1.17.0,Bandit,0,4.02,nan,30,80,20,Right,Left,573,614,663,3,nan,nan,0.09
7/27/2024 18:14:18,1.17.0,Bandit,0,4.02,1,30,80,20,Pellet,Left,573,614,664,3,0.42,107,nan
7/27/2024 18:14:33,1.17.0,Bandit,0,4.02,nan,30,80,20,Right,Left,573,615,664,4,nan,nan,0.56
7/27/2024 18:14:54,1.17.0,Bandit,0,4.02,nan,30,80,20,Left,Left,574,615,664,4,nan,nan,0.01
7/27/2024 18:14:57,1.17.0,Bandit,0,4.02,1,30,80,20,Pellet,Left,574,615,665,4,0.18,39,nan
7/27/2024 18:15:01,1.17.0,Bandit,0,4.02,nan,30,80,20,Left,Left,575,615,665,5,nan,nan,0.10
7/27/2024 18:15:04,1.17.0,Bandit,0,4.02,1,30,80,20,Pellet,Left,575,615,666,5,0.06,7,nan
7/27/2024 18:15:11,1.17.0,Bandit,0,4.02,nan,30,80,20,Left,Left,576,615,666,6,nan,nan,1.13
7/27/2024 18:15:13,1.17.0,Bandit,0,4.02,nan,30,80,20,LeftinTimeOut,Left,576,615,666,6,nan,nan,nan
7/27/2024 18:15:14,1.17.0,Bandit,0,4.02,nan,30,80,20,LeftinTimeOut,Left,576,615,666,6,nan,nan,nan
7/27/2024 18:15:16,1.17.0,Bandit,0,4.02,nan,30,80,20,LeftinTimeOut,Left,576,615,666,6,nan,nan,nan
7/27/2024 18:15:16,1.17.0,Bandit,0,4.02,nan,30,80,20,LeftinTimeOut,Left,576,615,666,6,nan,nan,nan
7/27/2024 18:16:12,1.17.0,Bandit,0,4.02,nan,30,80,20,Right,Left,576,616,666,6,nan,nan,0.01
7/27/2024 18:20:43,1.17.0,Bandit,0,4.02,nan,30,80,20,Left,Left,577,616,666,6,nan,nan,0.07
7/27/2024 18:20:46,1.17.0,Bandit,0,4.02,1,30,80,20,Pellet,Left,577,616,667,6,0.06,342,nan
7/27/2024 18:21:08,1.17.0,Bandit,0,4.02,nan,30,80,20,Left,Left,578,616,667,7,nan,nan,0.88
7/27/2024 18:21:11,1.17.0,Bandit,0,4.02,nan,30,80,20,LeftinTimeOut,Left,578,616,667,7,nan,nan,nan
7/27/2024 18:21:13,1.17.0,Bandit,0,4.00,nan,30,80,20,LeftinTimeOut,Left,578,616,667,7,nan,nan,nan
7/27/2024 18:21:14,1.17.0,Bandit,0,4.02,nan,30,80,20,LeftinTimeOut,Left,578,616,667,7,nan,nan,nan
7/27/2024 18:21:15,1.17.0,Bandit,0,4.02,nan,30,80,20,LeftinTimeOut,Left,578,616,667,7,nan,nan,nan
7/27/2024 18:21:41,1.17.0,Bandit,0,4.02,nan,30,80,20,Left,Left,579,616,667,7,nan,nan,1.10
7/27/2024 18:21:44,1.17.0,Bandit,0,4.02,nan,30,80,20,LeftinTimeOut,Left,579,616,667,7,nan,nan,nan
7/27/2024 18:21:44,1.17.0,Bandit,0,4.02,nan,30,80,20,LeftinTimeOut,Left,579,616,667,7,nan,nan,nan
7/27/2024 18:21:44,1.17.0,Bandit,0,4.02,nan,30,80,20,LeftinTimeOut,Left,579,616,667,7,nan,nan,nan
7/27/2024 19:20:47,1.17.0,Bandit,0,4.02,nan,30,80,20,Left,Left,580,616,667,7,nan,nan,0.94
7/27/2024 19:20:50,1.17.0,Bandit,0,4.02,nan,30,80,20,LeftinTimeOut,Left,580,616,667,7,nan,nan,nan
7/27/2024 19:21:05,1.17.0,Bandit,0,4.02,nan,30,80,20,LeftinTimeOut,Left,580,616,667,7,nan,nan,nan
7/27/2024 19:21:15,1.17.0,Bandit,0,4.02,nan,30,80,20,LeftinTimeOut,Left,580,616,667,7,nan,nan,nan
7/27/2024 19:21:19,1.17.0,Bandit,0,4.02,nan,30,80,20,LeftinTimeOut,Left,580,616,667,7,nan,nan,nan
7/27/2024 19:21:19,1.17.0,Bandit,0,4.02,nan,30,80,20,LeftinTimeOut,Left,580,616,667,7,nan,nan,nan
7/27/2024 19:21:22,1.17.0,Bandit,0,4.02,nan,30,80,20,LeftinTimeOut,Left,580,616,667,7,nan,nan,nan
7/27/2024 19:21:22,1.17.0,Bandit,0,4.02,nan,30,80,20,LeftinTimeOut,Left,580,616,667,7,nan,nan,nan
7/27/2024 19:21:23,1.17.0,Bandit,0,4.02,nan,30,80,20,LeftinTimeOut,Left,580,616,667,7,nan,nan,nan
7/27/2024 19:21:29,1.17.0,Bandit,0,4.02,nan,30,80,20,LeftinTimeOut,Left,580,616,667,7,nan,nan,nan
7/27/2024 19:21:52,1.17.0,Bandit,0,4.01,nan,30,80,20,Left,Left,581,616,667,7,nan,nan,0.07
7/27/2024 19:21:55,1.17.0,Bandit,0,4.02,1,30,80,20,Pellet,Left,581,616,668,7,0.06,3669,nan
7/27/2024 19:22:10,1.17.0,Bandit,0,4.02,nan,30,80,20,Left,Left,582,616,668,8,nan,nan,0.03
7/27/2024 19:22:14,1.17.0,Bandit,0,4.02,1,30,80,20,Pellet,Left,582,616,669,8,0.06,19,nan
7/27/2024 19:22:51,1.17.0,Bandit,0,4.02,nan,30,80,20,Left,Left,583,616,669,9,nan,nan,0.05
7/27/2024 19:22:54,1.17.0,Bandit,0,4.02,1,30,80,20,Pellet,Left,583,616,670,9,0.06,40,nan
7/27/2024 19:23:06,1.17.0,Bandit,0,4.01,nan,30,80,20,Left,Left,584,616,670,10,nan,nan,0.07
7/27/2024 19:23:10,1.17.0,Bandit,0,4.02,1,30,80,20,Pellet,Left,584,616,671,10,0.06,16,nan
7/27/2024 19:23:23,1.17.0,Bandit,0,4.02,nan,30,80,20,Left,Left,585,616,671,11,nan,nan,0.08
7/27/2024 19:23:24,1.17.0,Bandit,0,4.02,nan,30,80,20,LeftinTimeOut,Left,585,616,671,11,nan,nan,nan
7/27/2024 19:23:25,1.17.0,Bandit,0,4.00,nan,30,80,20,LeftinTimeOut,Left,585,616,671,11,nan,nan,nan
7/27/2024 19:23:28,1.17.0,Bandit,0,4.02,nan,30,80,20,LeftinTimeOut,Left,585,616,671,11,nan,nan,nan
7/27/2024 19:23:41,1.17.0,Bandit,0,4.02,nan,30,80,20,Right,Left,585,617,671,11,nan,nan,0.12
7/27/2024 19:26:43,1.17.0,Bandit,0,4.02,nan,30,80,20,Left,Left,586,617,671,11,nan,nan,0.71
7/27/2024 19:26:46,1.17.0,Bandit,0,4.02,1,30,80,20,Pellet,Left,586,617,672,11,0.06,216,nan
7/27/2024 19:27:26,1.17.0,Bandit,0,4.02,nan,30,80,20,Right,Left,586,618,672,12,nan,nan,0.70
7/27/2024 19:28:37,1.17.0,Bandit,0,4.02,nan,30,80,20,Left,Left,587,618,672,12,nan,nan,0.37
7/27/2024 19:28:40,1.17.0,Bandit,0,4.02,1,30,80,20,Pellet,Left,587,618,673,12,0.06,114,nan
7/27/2024 20:07:40,1.17.0,Bandit,0,4.02,nan,30,80,20,Left,Left,588,618,673,13,nan,nan,0.04
7/27/2024 20:07:44,1.17.0,Bandit,0,4.02,1,30,80,20,Pellet,Left,588,618,674,13,0.06,2344,nan
7/27/2024 20:08:02,1.17.0,Bandit,0,4.01,nan,30,80,20,Left,Left,589,618,674,14,nan,nan,0.06
7/27/2024 20:08:05,1.17.0,Bandit,0,4.01,1,30,80,20,Pellet,Left,589,618,675,14,0.06,21,nan
7/27/2024 20:08:22,1.17.0,Bandit,0,4.02,nan,30,80,20,Left,Left,590,618,675,15,nan,nan,0.57
7/27/2024 20:08:24,1.17.0,Bandit,0,4.02,nan,30,80,20,LeftinTimeOut,Left,590,618,675,15,nan,nan,nan
7/27/2024 20:08:24,1.17.0,Bandit,0,4.01,nan,30,80,20,LeftinTimeOut,Left,590,618,675,15,nan,nan,nan
7/27/2024 20:08:25,1.17.0,Bandit,0,4.01,nan,30,80,20,LeftinTimeOut,Left,590,618,675,15,nan,nan,nan
7/27/2024 20:08:44,1.17.0,Bandit,0,4.01,nan,30,80,20,Left,Left,591,618,675,15,nan,nan,0.04
7/27/2024 20:08:46,1.17.0,Bandit,0,4.01,nan,30,80,20,LeftinTimeOut,Left,591,618,675,15,nan,nan,nan
7/27/2024 20:08:47,1.17.0,Bandit,0,4.01,nan,30,80,20,LeftinTimeOut,Left,591,618,675,15,nan,nan,nan
7/27/2024 20:09:15,1.17.0,Bandit,0,4.02,nan,30,80,20,Left,Left,592,618,675,15,nan,nan,0.03
7/27/2024 20:09:16,1.17.0,Bandit,0,4.01,nan,30,80,20,LeftinTimeOut,Left,592,618,675,15,nan,nan,nan
7/27/2024 20:09:18,1.17.0,Bandit,0,4.02,nan,30,80,20,LeftinTimeOut,Left,592,618,675,15,nan,nan,nan
7/27/2024 20:09:41,1.17.0,Bandit,0,4.02,nan,30,80,20,Left,Left,593,618,675,15,nan,nan,0.03
7/27/2024 20:09:43,1.17.0,Bandit,0,4.01,nan,30,80,20,LeftinTimeOut,Left,593,618,675,15,nan,nan,nan
7/27/2024 20:21:18,1.17.0,Bandit,0,4.02,nan,30,80,20,Left,Left,594,618,675,15,nan,nan,0.00
7/27/2024 20:21:21,1.17.0,Bandit,0,4.01,1,30,80,20,Pellet,Left,594,618,676,15,0.06,796,nan
7/27/2024 20:21:41,1.17.0,Bandit,0,4.02,nan,30,80,20,Left,Left,595,618,676,16,nan,nan,0.04
7/27/2024 20:21:45,1.17.0,Bandit,0,4.01,1,30,80,20,Pellet,Left,595,618,677,16,0.42,24,nan
7/27/2024 20:22:02,1.17.0,Bandit,0,4.01,nan,30,80,20,Left,Left,596,618,677,17,nan,nan,0.62
7/27/2024 20:22:06,1.17.0,Bandit,0,4.02,2,30,80,20,Pellet,Left,596,618,678,17,0.18,21,nan
7/27/2024 20:22:28,1.17.0,Bandit,0,4.01,nan,30,80,20,Left,Left,597,618,678,18,nan,nan,0.08
7/27/2024 20:22:32,1.17.0,Bandit,0,4.02,1,30,80,20,Pellet,Left,597,618,679,18,0.36,26,nan
7/27/2024 20:23:26,1.17.0,Bandit,0,4.02,nan,30,80,20,Right,Left,597,619,679,19,nan,nan,0.93
7/27/2024 20:23:36,1.17.0,Bandit,0,4.01,nan,30,80,20,LeftinTimeOut,Left,597,619,679,19,nan,nan,nan
7/27/2024 20:23:38,1.17.0,Bandit,0,4.01,nan,30,80,20,LeftinTimeOut,Left,597,619,679,19,nan,nan,nan
7/27/2024 20:24:03,1.17.0,Bandit,0,4.02,nan,30,80,20,Right,Left,597,620,679,19,nan,nan,0.04
7/27/2024 20:24:36,1.17.0,Bandit,0,4.02,nan,30,80,20,Right,Left,597,621,679,19,nan,nan,0.63
7/27/2024 20:24:40,1.17.0,Bandit,0,4.01,1,30,80,20,Pellet,Left,597,621,680,19,0.06,128,nan
7/27/2024 20:24:54,1.17.0,Bandit,0,4.01,nan,30,80,20,Right,Left,597,622,680,20,nan,nan,0.19
7/27/2024 20:24:57,1.17.0,Bandit,0,4.02,1,30,80,20,Pellet,Left,597,622,681,20,0.06,17,nan
7/27/2024 20:25:20,1.17.0,Bandit,0,4.01,nan,30,80,20,Right,Left,597,623,681,21,nan,nan,0.06
7/27/2024 20:25:28,1.17.0,Bandit,0,4.01,nan,30,80,20,LeftinTimeOut,Left,597,623,681,21,nan,nan,nan
7/27/2024 20:25:30,1.17.0,Bandit,0,4.01,nan,30,80,20,LeftinTimeOut,Left,597,623,681,21,nan,nan,nan
7/27/2024 20:25:32,1.17.0,Bandit,0,4.00,nan,30,80,20,LeftinTimeOut,Left,597,623,681,21,nan,nan,nan
7/27/2024 20:26:16,1.17.0,Bandit,0,4.02,nan,30,80,20,Left,Left,598,623,681,21,nan,nan,0.06
7/27/2024 20:27:01,1.17.0,Bandit,0,4.01,nan,30,80,20,Left,Left,599,623,681,21,nan,nan,0.75
7/27/2024 20:27:04,1.17.0,Bandit,0,4.02,1,30,80,20,Pellet,Left,599,623,682,21,0.42,127,nan
7/27/2024 20:27:56,1.17.0,Bandit,0,4.01,nan,30,80,20,Right,Left,599,624,682,22,nan,nan,0.39
7/27/2024 20:29:15,1.17.0,Bandit,0,4.01,nan,30,80,20,Right,Left,599,625,682,22,nan,nan,0.60
7/27/2024 20:30:11,1.17.0,Bandit,0,4.02,nan,30,80,20,Left,Left,600,625,682,22,nan,nan,0.44
7/27/2024 20:30:14,1.17.0,Bandit,0,4.02,1,30,80,20,Pellet,Left,600,625,683,22,0.55,190,nan
7/27/2024 20:30:18,1.17.0,Bandit,0,4.01,nan,30,80,20,Right,Left,600,626,683,23,nan,nan,0.05
7/27/2024 20:31:12,1.17.0,Bandit,0,4.02,nan,30,80,20,Left,Left,601,626,683,23,nan,nan,0.07
7/27/2024 20:31:56,1.17.0,Bandit,0,4.01,nan,30,80,20,Left,Left,602,626,683,23,nan,nan,0.04
7/27/2024 20:31:59,1.17.0,Bandit,0,4.00,1,30,80,20,Pellet,Left,602,626,684,23,0.06,105,nan
7/27/2024 20:32:45,1.17.0,Bandit,0,4.02,nan,30,80,20,Left,Left,603,626,684,24,nan,nan,0.03
7/27/2024 20:32:48,1.17.0,Bandit,0,4.02,nan,30,80,20,LeftinTimeOut,Left,603,626,684,24,nan,nan,nan
7/27/2024 20:33:35,1.17.0,Bandit,0,4.01,nan,30,80,20,Left,Left,604,626,684,24,nan,nan,0.37
7/27/2024 20:33:38,1.17.0,Bandit,0,4.01,1,30,80,20,Pellet,Left,604,626,685,24,0.06,99,nan
7/27/2024 20:33:59,1.17.0,Bandit,0,4.02,nan,30,80,20,Left,Left,605,626,685,25,nan,nan,1.08
7/27/2024 20:34:02,1.17.0,Bandit,0,4.02,1,30,80,20,Pellet,Left,605,626,686,25,0.55,24,nan
7/27/2024 20:34:39,1.17.0,Bandit,0,4.01,nan,30,80,20,Left,Left,606,626,686,26,nan,nan,0.17
7/27/2024 20:34:41,1.17.0,Bandit,0,4.01,nan,30,80,20,LeftinTimeOut,Left,606,626,686,26,nan,nan,nan
7/27/2024 20:40:20,1.17.0,Bandit,0,4.01,nan,30,80,20,Left,Left,607,626,686,26,nan,nan,0.14
7/27/2024 20:40:22,1.17.0,Bandit,0,4.02,nan,30,80,20,LeftinTimeOut,Left,607,626,686,26,nan,nan,nan
7/27/2024 20:41:34,1.17.0,Bandit,0,4.01,nan,30,80,20,Right,Left,607,627,686,26,nan,nan,0.00
7/27/2024 21:15:54,1.17.0,Bandit,0,4.01,nan,30,80,20,Right,Left,607,628,686,26,nan,nan,0.05
7/27/2024 21:15:59,1.17.0,Bandit,0,4.01,nan,30,80,20,LeftinTimeOut,Left,607,628,686,26,nan,nan,nan
7/27/2024 21:16:03,1.17.0,Bandit,0,4.01,nan,30,80,20,LeftinTimeOut,Left,607,628,686,26,nan,nan,nan
7/27/2024 21:16:06,1.17.0,Bandit,0,4.01,nan,30,80,20,LeftinTimeOut,Left,607,628,686,26,nan,nan,nan
7/27/2024 21:16:07,1.17.0,Bandit,0,4.01,nan,30,80,20,LeftinTimeOut,Left,607,628,686,26,nan,nan,nan
7/27/2024 21:16:10,1.17.0,Bandit,0,4.01,nan,30,80,20,LeftinTimeOut,Left,607,628,686,26,nan,nan,nan
7/27/2024 21:16:21,1.17.0,Bandit,0,4.01,nan,30,80,20,LeftinTimeOut,Left,607,628,686,26,nan,nan,nan
7/27/2024 21:16:24,1.17.0,Bandit,0,4.02,nan,30,80,20,LeftinTimeOut,Left,607,628,686,26,nan,nan,nan
7/27/2024 21:16:29,1.17.0,Bandit,0,4.01,nan,30,80,20,LeftinTimeOut,Left,607,628,686,26,nan,nan,nan
7/27/2024 21:16:41,1.17.0,Bandit,0,4.01,nan,30,80,20,LeftinTimeOut,Left,607,628,686,26,nan,nan,nan
7/27/2024 21:16:42,1.17.0,Bandit,0,4.02,nan,30,80,20,LeftinTimeOut,Left,607,628,686,26,nan,nan,nan
7/27/2024 21:16:44,1.17.0,Bandit,0,4.02,nan,30,80,20,LeftinTimeOut,Left,607,628,686,26,nan,nan,nan
7/27/2024 21:17:14,1.17.0,Bandit,0,4.02,nan,30,80,20,Left,Left,608,628,686,26,nan,nan,1.00
7/27/2024 21:17:17,1.17.0,Bandit,0,4.01,1,30,80,20,Pellet,Left,608,628,687,26,0.30,2595,nan
7/27/2024 21:17:25,1.17.0,Bandit,0,4.01,nan,30,80,20,Left,Left,609,628,687,27,nan,nan,0.14
7/27/2024 21:17:28,1.17.0,Bandit,0,4.01,1,30,80,20,Pellet,Left,609,628,688,27,0.06,11,nan
7/27/2024 21:17:35,1.17.0,Bandit,0,4.01,nan,30,80,20,Left,Left,610,628,688,28,nan,nan,0.00
7/27/2024 21:17:37,1.17.0,Bandit,0,4.01,nan,30,80,20,LeftinTimeOut,Left,610,628,688,28,nan,nan,nan
7/27/2024 21:17:39,1.17.0,Bandit,0,4.01,nan,30,80,20,LeftinTimeOut,Left,610,628,688,28,nan,nan,nan
7/27/2024 21:17:39,1.17.0,Bandit,0,4.01,nan,30,80,20,LeftinTimeOut,Left,610,628,688,28,nan,nan,nan
7/27/2024 21:17:39,1.17.0,Bandit,0,4.02,nan,30,80,20,LeftinTimeOut,Left,610,628,688,28,nan,nan,nan
7/27/2024 21:17:39,1.17.0,Bandit,0,4.01,nan,30,80,20,LeftinTimeOut,Left,610,628,688,28,nan,nan,nan
7/27/2024 21:17:40,1.17.0,Bandit,0,4.01,nan,30,80,20,LeftinTimeOut,Left,610,628,688,28,nan,nan,nan
7/27/2024 21:17:43,1.17.0,Bandit,0,4.02,nan,30,80,20,LeftinTimeOut,Left,610,628,688,28,nan,nan,nan
7/27/2024 21:17:46,1.17.0,Bandit,0,4.01,nan,30,80,20,LeftinTimeOut,Left,610,628,688,28,nan,nan,nan
7/27/2024 21:17:46,1.17.0,Bandit,0,4.01,nan,30,80,20,LeftinTimeOut,Left,610,628,688,28,nan,nan,nan
7/27/2024 21:17:47,1.17.0,Bandit,0,4.02,nan,30,80,20,LeftinTimeOut,Left,610,628,688,28,nan,nan,nan
7/27/2024 21:17:47,1.17.0,Bandit,0,4.01,nan,30,80,20,LeftinTimeOut,Left,610,628,688,28,nan,nan,nan
7/27/2024 21:17:49,1.17.0,Bandit,0,4.02,nan,30,80,20,LeftinTimeOut,Left,610,628,688,28,nan,nan,nan
7/27/2024 21:18:17,1.17.0,Bandit,0,4.01,nan,30,80,20,Left,Left,611,628,688,28,nan,nan,0.33
7/27/2024 21:18:20,1.17.0,Bandit,0,4.01,2,30,80,20,Pellet,Left,611,628,689,28,0.06,52,nan
7/27/2024 21:18:39,1.17.0,Bandit,0,4.01,nan,30,80,20,Left,Left,612,628,689,29,nan,nan,0.11
7/27/2024 21:18:42,1.17.0,Bandit,0,4.01,1,30,80,20,Pellet,Left,612,628,690,29,0.06,22,nan
7/27/2024 21:19:03,1.17.0,Bandit,0,4.01,nan,30,20,80,Left,Right,613,628,690,0,nan,nan,0.04
7/27/2024 21:19:05,1.17.0,Bandit,0,4.01,nan,30,20,80,LeftinTimeOut,Right,613,628,690,0,nan,nan,nan
7/27/2024 21:19:08,1.17.0,Bandit,0,4.01,nan,30,20,80,LeftinTimeOut,Right,613,628,690,0,nan,nan,nan
7/27/2024 21:19:10,1.17.0,Bandit,0,4.01,nan,30,20,80,LeftinTimeOut,Right,613,628,690,0,nan,nan,nan
7/27/2024 21:19:37,1.17.0,Bandit,0,4.01,nan,30,20,80,Left,Right,614,628,690,0,nan,nan,0.16
7/27/2024 21:19:43,1.17.0,Bandit,0,4.01,2,30,20,80,Pellet,Right,614,628,691,0,0.06,61,nan
7/27/2024 21:20:23,1.17.0,Bandit,0,4.01,nan,30,20,80,Left,Right,615,628,691,1,nan,nan,1.05
7/27/2024 21:20:26,1.17.0,Bandit,0,4.01,1,30,20,80,Pellet,Right,615,628,692,1,0.48,43,nan
7/27/2024 21:20:39,1.17.0,Bandit,0,4.01,nan,30,20,80,Left,Right,616,628,692,2,nan,nan,0.06
7/27/2024 21:20:54,1.17.0,Bandit,0,4.02,nan,30,20,80,Left,Right,617,628,692,2,nan,nan,0.02
7/27/2024 21:20:56,1.17.0,Bandit,0,4.01,nan,30,20,80,LeftinTimeOut,Right,617,628,692,2,nan,nan,nan
7/27/2024 21:21:00,1.17.0,Bandit,0,4.01,nan,30,20,80,LeftinTimeOut,Right,617,628,692,2,nan,nan,nan
7/27/2024 21:21:31,1.17.0,Bandit,0,4.01,nan,30,20,80,Right,Right,617,629,692,2,nan,nan,0.06
7/27/2024 21:21:34,1.17.0,Bandit,0,4.01,1,30,20,80,Pellet,Right,617,629,693,2,0.30,68,nan
7/27/2024 21:22:31,1.17.0,Bandit,0,4.01,nan,30,20,80,Right,Right,617,630,693,3,nan,nan,0.07
7/27/2024 21:22:36,1.17.0,Bandit,0,4.01,1,30,20,80,Pellet,Right,617,630,694,3,2.20,62,nan
7/27/2024 21:22:39,1.17.0,Bandit,0,4.01,nan,30,20,80,Right,Right,617,631,694,4,nan,nan,0.43
7/27/2024 21:22:42,1.17.0,Bandit,0,4.01,1,30,20,80,Pellet,Right,617,631,695,4,0.06,6,nan
7/27/2024 21:22:54,1.17.0,Bandit,0,4.01,nan,30,20,80,Right,Right,617,632,695,5,nan,nan,0.02
7/27/2024 21:25:50,1.17.0,Bandit,0,4.01,nan,30,20,80,Right,Right,617,633,695,5,nan,nan,0.42
7/27/2024 21:25:53,1.17.0,Bandit,0,4.01,1,30,20,80,Pellet,Right,617,633,696,5,0.06,191,nan
7/27/2024 21:26:10,1.17.0,Bandit,0,4.01,nan,30,20,80,Left,Right,618,633,696,6,nan,nan,0.08
7/27/2024 21:26:35,1.17.0,Bandit,0,4.01,nan,30,20,80,Right,Right,618,634,696,6,nan,nan,0.04
7/27/2024 21:26:38,1.17.0,Bandit,0,4.01,1,30,20,80,Pellet,Right,618,634,697,6,0.06,45,nan
7/27/2024 21:26:54,1.17.0,Bandit,0,4.01,nan,30,20,80,Right,Right,618,635,697,7,nan,nan,0.68
7/27/2024 21:26:58,1.17.0,Bandit,0,4.01,1,30,20,80,Pellet,Right,618,635,698,7,0.06,20,nan
7/27/2024 21:27:15,1.17.0,Bandit,0,4.01,nan,30,20,80,Right,Right,618,636,698,8,nan,nan,0.09
7/27/2024 21:27:18,1.17.0,Bandit,0,4.01,1,30,20,80,Pellet,Right,618,636,699,8,0.06,20,nan
7/27/2024 21:27:43,1.17.0,Bandit,0,4.00,nan,30,20,80,Right,Right,618,637,699,9,nan,nan,0.59
7/27/2024 21:27:46,1.17.0,Bandit,0,4.01,1,30,20,80,Pellet,Right,618,637,700,9,0.06,28,nan
7/27/2024 21:28:33,1.17.0,Bandit,0,4.00,nan,30,20,80,Right,Right,618,638,700,10,nan,nan,0.15
7/27/2024 21:28:36,1.17.0,Bandit,0,4.01,1,30,20,80,Pellet,Right,618,638,701,10,0.06,50,nan
7/27/2024 21:29:19,1.17.0,Bandit,0,4.01,nan,30,20,80,Left,Right,619,638,701,11,nan,nan,0.03
7/27/2024 21:53:00,1.17.0,Bandit,0,4.00,nan,30,20,80,Left,Right,620,638,701,11,nan,nan,0.51
7/27/2024 21:53:02,1.17.0,Bandit,0,4.00,nan,30,20,80,LeftinTimeOut,Right,620,638,701,11,nan,nan,nan
7/27/2024 21:53:59,1.17.0,Bandit,0,4.00,nan,30,20,80,Right,Right,620,639,701,11,nan,nan,0.09
7/27/2024 22:35:09,1.17.0,Bandit,0,4.00,nan,30,20,80,Left,Right,621,639,701,11,nan,nan,0.10
7/27/2024 22:35:36,1.17.0,Bandit,0,4.00,nan,30,20,80,Left,Right,622,639,701,11,nan,nan,0.05
7/27/2024 22:35:39,1.17.0,Bandit,0,4.00,nan,30,20,80,LeftinTimeOut,Right,622,639,701,11,nan,nan,nan
7/27/2024 22:35:39,1.17.0,Bandit,0,4.00,nan,30,20,80,LeftinTimeOut,Right,622,639,701,11,nan,nan,nan
7/27/2024 22:35:51,1.17.0,Bandit,0,4.00,nan,30,20,80,Left,Right,623,639,701,11,nan,nan,0.07
7/27/2024 22:36:29,1.17.0,Bandit,0,3.98,nan,30,20,80,Left,Right,624,639,701,11,nan,nan,0.01
7/27/2024 22:36:33,1.17.0,Bandit,0,4.00,nan,30,20,80,LeftinTimeOut,Right,624,639,701,11,nan,nan,nan
7/27/2024 22:36:55,1.17.0,Bandit,0,4.01,nan,30,20,80,Right,Right,624,640,701,11,nan,nan,0.32
7/27/2024 22:36:58,1.17.0,Bandit,0,4.01,1,30,20,80,Pellet,Right,624,640,702,11,0.30,4102,nan
7/27/2024 22:37:13,1.17.0,Bandit,0,4.01,nan,30,20,80,Left,Right,625,640,702,12,nan,nan,0.04
7/27/2024 22:37:31,1.17.0,Bandit,0,4.00,nan,30,20,80,Right,Right,625,641,702,12,nan,nan,0.02
7/27/2024 22:37:36,1.17.0,Bandit,0,4.01,1,30,20,80,Pellet,Right,625,641,703,12,1.77,38,nan
7/27/2024 22:37:37,1.17.0,Bandit,0,4.00,nan,30,20,80,Right,Right,625,642,703,13,nan,nan,0.02
7/27/2024 22:37:40,1.17.0,Bandit,0,4.00,1,30,20,80,Pellet,Right,625,642,704,13,0.06,4,nan
7/27/2024 22:37:57,1.17.0,Bandit,0,4.01,nan,30,20,80,Right,Right,625,643,704,14,nan,nan,0.90
7/27/2024 22:38:00,1.17.0,Bandit,0,4.01,1,30,20,80,Pellet,Right,625,643,705,14,0.06,20,nan
7/27/2024 22:38:19,1.17.0,Bandit,0,4.00,nan,30,20,80,Right,Right,625,644,705,15,nan,nan,1.46
7/27/2024 22:38:24,1.17.0,Bandit,0,4.00,2,30,20,80,Pellet,Right,625,644,706,15,0.06,24,nan
7/27/2024 22:38:50,1.17.0,Bandit,0,4.00,nan,30,20,80,Left,Right,626,644,706,16,nan,nan,0.95
7/27/2024 22:38:51,1.17.0,Bandit,0,4.00,nan,30,20,80,LeftinTimeOut,Right,626,644,706,16,nan,nan,nan
7/27/2024 22:39:34,1.17.0,Bandit,0,4.01,nan,30,20,80,Right,Right,626,645,706,16,nan,nan,0.03
7/27/2024 22:39:37,1.17.0,Bandit,0,4.01,1,30,20,80,Pellet,Right,626,645,707,16,0.06,73,nan
7/27/2024 22:39:56,1.17.0,Bandit,0,4.01,nan,30,20,80,Right,Right,626,646,707,17,nan,nan,0.02
7/27/2024 22:39:59,1.17.0,Bandit,0,4.00,1,30,20,80,Pellet,Right,626,646,708,17,0.06,22,nan
7/27/2024 22:40:10,1.17.0,Bandit,0,4.00,nan,30,20,80,Left,Right,627,646,708,18,nan,nan,0.03
7/27/2024 22:40:13,1.17.0,Bandit,0,4.00,nan,30,20,80,LeftinTimeOut,Right,627,646,708,18,nan,nan,nan
7/27/2024 22:40:36,1.17.0,Bandit,0,4.01,nan,30,20,80,Right,Right,627,647,708,18,nan,nan,0.00
7/27/2024 22:40:55,1.17.0,Bandit,0,3.99,nan,30,20,80,Right,Right,627,648,708,18,nan,nan,0.01
7/27/2024 22:41:15,1.17.0,Bandit,0,4.01,nan,30,20,80,Right,Right,627,649,708,18,nan,nan,0.03
7/27/2024 22:41:22,1.17.0,Bandit,0,4.00,3,30,20,80,Pellet,Right,627,649,709,18,0.06,83,nan
7/27/2024 22:42:21,1.17.0,Bandit,0,4.00,nan,30,20,80,Left,Right,628,649,709,19,nan,nan,0.07
7/27/2024 22:42:24,1.17.0,Bandit,0,4.01,1,30,20,80,Pellet,Right,628,649,710,19,0.06,62,nan
7/27/2024 22:42:27,1.17.0,Bandit,0,4.00,nan,30,20,80,Right,Right,628,650,710,20,nan,nan,0.04
7/27/2024 23:15:40,1.17.0,Bandit,0,4.00,nan,30,20,80,Right,Right,628,651,710,20,nan,nan,0.35
7/27/2024 23:15:43,1.17.0,Bandit,0,4.00,1,30,20,80,Pellet,Right,628,651,711,20,0.18,1999,nan
7/27/2024 23:16:12,1.17.0,Bandit,0,4.00,nan,30,20,80,Left,Right,629,651,711,21,nan,nan,0.12
7/27/2024 23:16:16,1.17.0,Bandit,0,4.00,2,30,20,80,Pellet,Right,629,651,712,21,0.06,33,nan
7/27/2024 23:16:42,1.17.0,Bandit,0,4.01,nan,30,20,80,Left,Right,630,651,712,22,nan,nan,0.05
7/27/2024 23:17:19,1.17.0,Bandit,0,3.99,nan,30,20,80,Left,Right,631,651,712,22,nan,nan,0.04
7/27/2024 23:17:43,1.17.0,Bandit,0,4.01,nan,30,20,80,Right,Right,631,652,712,22,nan,nan,0.25
7/27/2024 23:17:47,1.17.0,Bandit,0,4.00,1,30,20,80,Pellet,Right,631,652,713,22,0.42,90,nan
7/27/2024 23:17:51,1.17.0,Bandit,0,4.00,nan,30,20,80,Right,Right,631,653,713,23,nan,nan,0.07
7/27/2024 23:18:36,1.17.0,Bandit,0,4.00,nan,30,20,80,Right,Right,631,654,713,23,nan,nan,0.79
7/27/2024 23:18:39,1.17.0,Bandit,0,4.00,1,30,20,80,Pellet,Right,631,654,714,23,0.06,53,nan
7/27/2024 23:19:19,1.17.0,Bandit,0,4.00,nan,30,20,80,Right,Right,631,655,714,24,nan,nan,0.09
7/27/2024 23:19:22,1.17.0,Bandit,0,4.01,1,30,20,80,Pellet,Right,631,655,715,24,0.49,43,nan
7/27/2024 23:19:24,1.17.0,Bandit,0,4.01,nan,30,20,80,Right,Right,631,656,715,25,nan,nan,0.10
7/27/2024 23:19:28,1.17.0,Bandit,0,4.01,1,30,20,80,Pellet,Right,631,656,716,25,0.06,6,nan
7/27/2024 23:19:49,1.17.0,Bandit,0,4.00,nan,30,20,80,Right,Right,631,657,716,26,nan,nan,0.17
7/27/2024 23:20:42,1.17.0,Bandit,0,4.01,nan,30,20,80,Right,Right,631,658,716,26,nan,nan,0.07
7/27/2024 23:23:52,1.17.0,Bandit,0,4.01,nan,30,20,80,Right,Right,631,659,716,26,nan,nan,0.21
7/27/2024 23:23:56,1.17.0,Bandit,0,4.01,1,30,20,80,Pellet,Right,631,659,717,26,0.42,268,nan
7/27/2024 23:24:51,1.17.0,Bandit,0,4.00,nan,30,20,80,Left,Right,632,659,717,27,nan,nan,0.82
7/27/2024 23:24:53,1.17.0,Bandit,0,4.00,nan,30,20,80,LeftinTimeOut,Right,632,659,717,27,nan,nan,nan
7/27/2024 23:24:54,1.17.0,Bandit,0,4.01,nan,30,20,80,LeftinTimeOut,Right,632,659,717,27,nan,nan,nan
7/27/2024 23:25:21,1.17.0,Bandit,0,4.00,nan,30,20,80,Left,Right,633,659,717,27,nan,nan,0.07
7/27/2024 23:25:27,1.17.0,Bandit,0,4.01,2,30,20,80,Pellet,Right,633,659,718,27,0.06,91,nan
7/27/2024 23:25:48,1.17.0,Bandit,0,4.01,nan,30,20,80,Left,Right,634,659,718,28,nan,nan,0.21
7/27/2024 23:25:53,1.17.0,Bandit,0,4.01,nan,30,20,80,LeftinTimeOut,Right,634,659,718,28,nan,nan,nan
7/27/2024 23:26:38,1.17.0,Bandit,0,4.00,nan,30,20,80,Right,Right,634,660,718,28,nan,nan,0.02
7/27/2024 23:26:42,1.17.0,Bandit,0,4.00,2,30,20,80,Pellet,Right,634,660,719,28,0.06,75,nan
7/27/2024 23:26:58,1.17.0,Bandit,0,4.00,nan,30,20,80,Right,Right,634,661,719,29,nan,nan,0.48
7/27/2024 23:27:01,1.17.0,Bandit,0,4.01,2,30,20,80,Pellet,Right,634,661,720,29,0.06,19,nan
7/27/2024 23:27:19,1.17.0,Bandit,0,4.00,nan,30,80,20,Right,Left,634,662,720,0,nan,nan,0.10
7/27/2024 23:27:22,1.17.0,Bandit,0,4.00,1,30,80,20,Pellet,Left,634,662,721,0,0.06,21,nan
7/27/2024 23:27:26,1.17.0,Bandit,0,3.99,nan,30,80,20,Right,Left,634,663,721,1,nan,nan,0.09
7/27/2024 23:27:41,1.17.0,Bandit,0,4.00,nan,30,80,20,Right,Left,634,664,721,1,nan,nan,0.03
7/27/2024 23:28:27,1.17.0,Bandit,0,4.01,nan,30,80,20,Left,Left,635,664,721,1,nan,nan,0.50
7/27/2024 23:28:30,1.17.0,Bandit,0,4.01,1,30,80,20,Pellet,Left,635,664,722,1,0.61,68,nan
7/27/2024 23:28:31,1.17.0,Bandit,0,4.00,nan,30,80,20,Right,Left,635,665,722,2,nan,nan,0.04
7/27/2024 23:31:51,1.17.0,Bandit,0,4.00,nan,30,80,20,Left,Left,636,665,722,2,nan,nan,0.03
7/27/2024 23:32:08,1.17.0,Bandit,0,4.00,nan,30,80,20,Right,Left,636,666,722,2,nan,nan,0.51
7/27/2024 23:32:31,1.17.0,Bandit,0,4.00,nan,30,80,20,Right,Left,636,667,722,2,nan,nan,0.29
7/27/2024 23:32:33,1.17.0,Bandit,0,4.00,nan,30,80,20,LeftinTimeOut,Left,636,667,722,2,nan,nan,nan
7/27/2024 23:33:04,1.17.0,Bandit,0,4.00,nan,30,80,20,Left,Left,637,667,722,2,nan,nan,0.15
7/27/2024 23:33:07,1.17.0,Bandit,0,4.01,1,30,80,20,Pellet,Left,637,667,723,2,0.06,277,nan
7/27/2024 23:33:13,1.17.0,Bandit,0,4.01,nan,30,80,20,Left,Left,638,667,723,3,nan,nan,0.15
7/27/2024 23:33:16,1.17.0,Bandit,0,4.01,1,30,80,20,Pellet,Left,638,667,724,3,0.18,9,nan
7/27/2024 23:33:30,1.17.0,Bandit,0,4.00,nan,30,80,20,Right,Left,638,668,724,4,nan,nan,0.07
7/27/2024 23:33:52,1.17.0,Bandit,0,4.01,nan,30,80,20,Right,Left,638,669,724,4,nan,nan,0.09
7/27/2024 23:34:01,1.17.0,Bandit,0,4.01,nan,30,80,20,LeftinTimeOut,Left,638,669,724,4,nan,nan,nan
7/27/2024 23:36:04,1.17.0,Bandit,0,4.01,nan,30,80,20,Left,Left,639,669,724,4,nan,nan,0.35
7/27/2024 23:36:07,1.17.0,Bandit,0,4.00,1,30,80,20,Pellet,Left,639,669,725,4,0.06,171,nan
7/27/2024 23:36:20,1.17.0,Bandit,0,4.00,nan,30,80,20,Right,Left,639,670,725,5,nan,nan,0.02
7/27/2024 23:42:02,1.17.0,Bandit,0,4.01,nan,30,80,20,Right,Left,639,671,725,5,nan,nan,0.23
7/27/2024 23:42:05,1.17.0,Bandit,0,4.00,1,30,80,20,Pellet,Left,639,671,726,5,0.49,358,nan
7/27/2024 23:42:07,1.17.0,Bandit,0,4.01,nan,30,80,20,Right,Left,639,672,726,6,nan,nan,0.34
7/27/2024 23:42:10,1.17.0,Bandit,0,4.01,1,30,80,20,Pellet,Left,639,672,727,6,0.06,5,nan
7/27/2024 23:42:34,1.17.0,Bandit,0,4.00,nan,30,80,20,Right,Left,639,673,727,7,nan,nan,0.06
7/27/2024 23:42:54,1.17.0,Bandit,0,4.00,nan,30,80,20,Left,Left,640,673,727,7,nan,nan,0.02
7/27/2024 23:42:58,1.17.0,Bandit,0,4.00,1,30,80,20,Pellet,Left,640,673,728,7,0.49,47,nan
7/27/2024 23:43:00,1.17.0,Bandit,0,4.01,nan,30,80,20,Right,Left,640,674,728,8,nan,nan,0.07
7/27/2024 23:43:52,1.17.0,Bandit,0,4.00,nan,30,80,20,Left,Left,641,674,728,8,nan,nan,0.37
7/27/2024 23:43:55,1.17.0,Bandit,0,4.01,1,30,80,20,Pellet,Left,641,674,729,8,0.42,58,nan
7/27/2024 23:44:13,1.17.0,Bandit,0,4.01,nan,30,80,20,Left,Left,642,674,729,9,nan,nan,0.11
7/27/2024 23:44:16,1.17.0,Bandit,0,4.01,1,30,80,20,Pellet,Left,642,674,730,9,0.12,21,nan
7/27/2024 23:44:20,1.17.0,Bandit,0,4.01,nan,30,80,20,Right,Left,642,675,730,10,nan,nan,0.06
7/27/2024 23:44:38,1.17.0,Bandit,0,4.00,nan,30,80,20,Left,Left,643,675,730,10,nan,nan,0.69
7/27/2024 23:44:41,1.17.0,Bandit,0,4.00,1,30,80,20,Pellet,Left,643,675,731,10,0.06,25,nan
7/27/2024 23:44:55,1.17.0,Bandit,0,4.01,nan,30,80,20,Left,Left,644,675,731,11,nan,nan,0.03
7/27/2024 23:44:58,1.17.0,Bandit,0,4.00,1,30,80,20,Pellet,Left,644,675,732,11,0.06,17,nan
7/27/2024 23:45:16,1.17.0,Bandit,0,4.00,nan,30,80,20,Right,Left,644,676,732,12,nan,nan,0.12
7/27/2024 23:45:34,1.17.0,Bandit,0,4.01,nan,30,80,20,Left,Left,645,676,732,12,nan,nan,0.05
7/27/2024 23:45:37,1.17.0,Bandit,0,4.00,1,30,80,20,Pellet,Left,645,676,733,12,0.12,39,nan
7/27/2024 23:45:54,1.17.0,Bandit,0,4.01,nan,30,80,20,Left,Left,646,676,733,13,nan,nan,0.79
7/27/2024 23:45:57,1.17.0,Bandit,0,4.01,1,30,80,20,Pellet,Left,646,676,734,13,0.18,20,nan
7/27/2024 23:53:50,1.17.0,Bandit,0,4.01,nan,30,80,20,Left,Left,647,676,734,14,nan,nan,0.17
7/27/2024 23:56:04,1.17.0,Bandit,0,4.01,nan,30,80,20,Right,Left,647,677,734,14,nan,nan,0.23
7/27/2024 23:56:26,1.17.0,Bandit,0,4.00,nan,30,80,20,Left,Left,648,677,734,14,nan,nan,0.01
7/27/2024 23:56:29,1.17.0,Bandit,0,4.00,nan,30,80,20,LeftinTimeOut,Left,648,677,734,14,nan,nan,nan
7/27/2024 23:58:12,1.17.0,Bandit,0,4.00,nan,30,80,20,Right,Left,648,678,734,14,nan,nan,0.31
7/27/2024 23:59:42,1.17.0,Bandit,0,4.01,nan,30,80,20,Left,Left,649,678,734,14,nan,nan,0.09
7/27/2024 23:59:45,1.17.0,Bandit,0,4.01,1,30,80,20,Pellet,Left,649,678,735,14,0.06,828,nan
7/27/2024 23:59:55,1.17.0,Bandit,0,4.00,nan,30,80,20,Left,Left,650,678,735,15,nan,nan,0.04
7/27/2024 23:59:58,1.17.0,Bandit,0,4.01,1,30,80,20,Pellet,Left,650,678,736,15,0.06,13,nan
7/28/2024 0:00:09,1.17.0,Bandit,0,4.00,nan,30,80,20,Left,Left,651,678,736,16,nan,nan,0.40
7/28/2024 0:00:12,1.17.0,Bandit,0,4.01,1,30,80,20,Pellet,Left,651,678,737,16,0.06,14,nan
7/28/2024 0:00:28,1.17.0,Bandit,0,4.00,nan,30,80,20,Left,Left,652,678,737,17,nan,nan,0.54
7/28/2024 0:00:32,1.17.0,Bandit,0,4.02,1,30,80,20,Pellet,Left,652,678,738,17,0.85,20,nan
7/28/2024 0:01:16,1.17.0,Bandit,0,4.00,nan,30,80,20,Right,Left,652,679,738,18,nan,nan,0.27
7/28/2024 0:01:19,1.17.0,Bandit,0,4.00,1,30,80,20,Pellet,Left,652,679,739,18,0.06,47,nan
7/28/2024 0:01:45,1.17.0,Bandit,0,4.00,nan,30,80,20,Right,Left,652,680,739,19,nan,nan,0.03
7/28/2024 0:12:57,1.17.0,Bandit,0,4.01,nan,30,80,20,Right,Left,652,681,739,19,nan,nan,0.01
7/28/2024 0:13:48,1.17.0,Bandit,0,4.01,nan,30,80,20,Left,Left,653,681,739,19,nan,nan,0.27
7/28/2024 0:13:52,1.17.0,Bandit,0,4.00,nan,30,80,20,LeftinTimeOut,Left,653,681,739,19,nan,nan,nan
7/28/2024 0:14:21,1.17.0,Bandit,0,4.01,nan,30,80,20,Left,Left,654,681,739,19,nan,nan,0.00
7/28/2024 0:14:24,1.17.0,Bandit,0,4.00,1,30,80,20,Pellet,Left,654,681,740,19,0.06,785,nan
7/28/2024 0:14:34,1.17.0,Bandit,0,4.01,nan,30,80,20,Left,Left,655,681,740,20,nan,nan,0.18
7/28/2024 0:14:38,1.17.0,Bandit,0,4.00,1,30,80,20,Pellet,Left,655,681,741,20,0.49,14,nan
7/28/2024 0:14:41,1.17.0,Bandit,0,4.01,nan,30,80,20,Left,Left,656,681,741,21,nan,nan,0.85
7/28/2024 0:14:44,1.17.0,Bandit,0,4.01,1,30,80,20,Pellet,Left,656,681,742,21,0.06,6,nan
7/28/2024 0:14:55,1.17.0,Bandit,0,4.00,nan,30,80,20,Left,Left,657,681,742,22,nan,nan,0.26
7/28/2024 0:14:59,1.17.0,Bandit,0,4.00,2,30,80,20,Pellet,Left,657,681,743,22,0.36,15,nan
7/28/2024 0:15:11,1.17.0,Bandit,0,4.00,nan,30,80,20,Right,Left,657,682,743,23,nan,nan,0.19
7/28/2024 0:15:31,1.17.0,Bandit,0,4.00,nan,30,80,20,Left,Left,658,682,743,23,nan,nan,0.09
7/28/2024 0:15:34,1.17.0,Bandit,0,4.00,1,30,80,20,Pellet,Left,658,682,744,23,0.06,35,nan
7/28/2024 0:15:46,1.17.0,Bandit,0,4.01,nan,30,80,20,Left,Left,659,682,744,24,nan,nan,0.02
7/28/2024 0:15:50,1.17.0,Bandit,0,4.00,1,30,80,20,Pellet,Left,659,682,745,24,0.06,15,nan
7/28/2024 0:15:57,1.17.0,Bandit,0,4.00,nan,30,80,20,Left,Left,660,682,745,25,nan,nan,0.05
7/28/2024 0:16:01,1.17.0,Bandit,0,4.00,1,30,80,20,Pellet,Left,660,682,746,25,0.06,12,nan
7/28/2024 0:16:16,1.17.0,Bandit,0,4.00,nan,30,80,20,Left,Left,661,682,746,26,nan,nan,0.53
7/28/2024 0:16:19,1.17.0,Bandit,0,4.01,1,30,80,20,Pellet,Left,661,682,747,26,0.06,18,nan
7/28/2024 0:16:37,1.17.0,Bandit,0,4.01,nan,30,80,20,Left,Left,662,682,747,27,nan,nan,0.02
7/28/2024 0:16:40,1.17.0,Bandit,0,4.01,1,30,80,20,Pellet,Left,662,682,748,27,0.06,21,nan
7/28/2024 0:16:54,1.17.0,Bandit,0,4.01,nan,30,80,20,Left,Left,663,682,748,28,nan,nan,0.42
7/28/2024 0:16:58,1.17.0,Bandit,0,4.01,1,30,80,20,Pellet,Left,663,682,749,28,0.06,18,nan
7/28/2024 0:17:07,1.17.0,Bandit,0,4.00,nan,30,80,20,Left,Left,664,682,749,29,nan,nan,0.13
7/28/2024 0:17:07,1.17.0,Bandit,0,4.00,nan,30,80,20,LeftinTimeOut,Left,664,682,749,29,nan,nan,nan
7/28/2024 0:17:24,1.17.0,Bandit,0,4.01,nan,30,80,20,Left,Left,665,682,749,29,nan,nan,0.00
7/28/2024 0:18:14,1.17.0,Bandit,0,4.00,nan,30,80,20,Left,Left,666,682,749,29,nan,nan,0.55
7/28/2024 0:18:18,1.17.0,Bandit,0,4.00,1,30,80,20,Pellet,Left,666,682,750,29,0.06,80,nan
7/28/2024 0:18:29,1.17.0,Bandit,0,4.00,nan,30,20,80,Left,Right,667,682,750,0,nan,nan,0.07
7/28/2024 0:18:32,1.17.0,Bandit,0,4.01,nan,30,20,80,LeftinTimeOut,Right,667,682,750,0,nan,nan,nan
7/28/2024 0:21:10,1.17.0,Bandit,0,4.00,nan,30,20,80,Left,Right,668,682,750,0,nan,nan,0.12
7/28/2024 0:21:54,1.17.0,Bandit,0,4.00,nan,30,20,80,Left,Right,669,682,750,0,nan,nan,0.30
7/28/2024 0:27:21,1.17.0,Bandit,0,4.00,nan,30,20,80,Right,Right,669,683,750,0,nan,nan,0.19
7/28/2024 0:27:24,1.17.0,Bandit,0,4.00,1,30,20,80,Pellet,Right,669,683,751,0,0.06,546,nan
7/28/2024 0:27:44,1.17.0,Bandit,0,4.00,nan,30,20,80,Left,Right,670,683,751,1,nan,nan,0.03
7/28/2024 0:27:46,1.17.0,Bandit,0,4.00,nan,30,20,80,LeftinTimeOut,Right,670,683,751,1,nan,nan,nan
7/28/2024 0:27:47,1.17.0,Bandit,0,4.00,nan,30,20,80,LeftinTimeOut,Right,670,683,751,1,nan,nan,nan
7/28/2024 0:30:43,1.17.0,Bandit,0,4.00,nan,30,20,80,Right,Right,670,684,751,1,nan,nan,0.42
7/28/2024 0:30:46,1.17.0,Bandit,0,4.00,1,30,20,80,Pellet,Right,670,684,752,1,0.06,202,nan
7/28/2024 0:31:08,1.17.0,Bandit,0,4.00,nan,30,20,80,Left,Right,671,684,752,2,nan,nan,0.34
7/28/2024 0:31:11,1.17.0,Bandit,0,4.00,1,30,20,80,Pellet,Right,671,684,753,2,0.12,25,nan
7/28/2024 0:31:22,1.17.0,Bandit,0,4.00,nan,30,20,80,Left,Right,672,684,753,3,nan,nan,0.09
7/28/2024 0:31:23,1.17.0,Bandit,0,4.00,nan,30,20,80,LeftinTimeOut,Right,672,684,753,3,nan,nan,nan
7/28/2024 0:31:25,1.17.0,Bandit,0,4.00,nan,30,20,80,LeftinTimeOut,Right,672,684,753,3,nan,nan,nan
7/28/2024 0:31:55,1.17.0,Bandit,0,4.00,nan,30,20,80,Right,Right,672,685,753,3,nan,nan,0.09
7/28/2024 0:33:29,1.17.0,Bandit,0,4.00,nan,30,20,80,Right,Right,672,686,753,3,nan,nan,0.02
7/28/2024 0:33:32,1.17.0,Bandit,0,4.01,1,30,20,80,Pellet,Right,672,686,754,3,0.06,141,nan
7/28/2024 0:33:43,1.17.0,Bandit,0,4.00,nan,30,20,80,Right,Right,672,687,754,4,nan,nan,0.09
7/28/2024 0:33:46,1.17.0,Bandit,0,4.00,2,30,20,80,Pellet,Right,672,687,755,4,0.06,14,nan
7/28/2024 0:34:15,1.17.0,Bandit,0,4.00,nan,30,20,80,Left,Right,673,687,755,5,nan,nan,0.68
7/28/2024 0:34:37,1.17.0,Bandit,0,4.00,nan,30,20,80,Left,Right,674,687,755,5,nan,nan,0.19
7/28/2024 0:34:41,1.17.0,Bandit,0,4.00,1,30,20,80,Pellet,Right,674,687,756,5,0.48,55,nan
7/28/2024 0:34:50,1.17.0,Bandit,0,4.00,nan,30,20,80,Left,Right,675,687,756,6,nan,nan,0.05
7/28/2024 0:34:51,1.17.0,Bandit,0,4.01,nan,30,20,80,LeftinTimeOut,Right,675,687,756,6,nan,nan,nan
7/28/2024 0:35:15,1.17.0,Bandit,0,4.00,nan,30,20,80,Right,Right,675,688,756,6,nan,nan,0.20
7/28/2024 0:35:17,1.17.0,Bandit,0,4.00,1,30,20,80,Pellet,Right,675,688,757,6,0.12,36,nan
7/28/2024 0:35:36,1.17.0,Bandit,0,4.00,nan,30,20,80,Left,Right,676,688,757,7,nan,nan,0.23
7/28/2024 0:35:39,1.17.0,Bandit,0,4.00,2,30,20,80,Pellet,Right,676,688,758,7,0.06,22,nan
7/28/2024 0:36:10,1.17.0,Bandit,0,4.01,nan,30,20,80,Left,Right,677,688,758,8,nan,nan,0.02
7/28/2024 0:41:25,1.17.0,Bandit,0,4.00,nan,30,20,80,Left,Right,678,688,758,8,nan,nan,0.07
7/28/2024 0:41:28,1.17.0,Bandit,0,4.01,nan,30,20,80,LeftinTimeOut,Right,678,688,758,8,nan,nan,nan
7/28/2024 0:41:29,1.17.0,Bandit,0,4.00,nan,30,20,80,LeftinTimeOut,Right,678,688,758,8,nan,nan,nan
7/28/2024 0:41:29,1.17.0,Bandit,0,4.01,nan,30,20,80,LeftinTimeOut,Right,678,688,758,8,nan,nan,nan
7/28/2024 0:44:39,1.17.0,Bandit,0,4.00,nan,30,20,80,Right,Right,678,689,758,8,nan,nan,0.22
7/28/2024 0:44:42,1.17.0,Bandit,0,4.00,1,30,20,80,Pellet,Right,678,689,759,8,0.06,543,nan
7/28/2024 0:44:46,1.17.0,Bandit,0,4.00,nan,30,20,80,Left,Right,679,689,759,9,nan,nan,0.02
7/28/2024 0:44:48,1.17.0,Bandit,0,4.00,nan,30,20,80,LeftinTimeOut,Right,679,689,759,9,nan,nan,nan
7/28/2024 0:55:45,1.17.0,Bandit,0,4.00,nan,30,20,80,Right,Right,679,690,759,9,nan,nan,0.40
7/28/2024 0:58:25,1.17.0,Bandit,0,4.00,nan,30,20,80,Left,Right,680,690,759,9,nan,nan,0.53
7/28/2024 0:59:21,1.17.0,Bandit,0,4.00,nan,30,20,80,Left,Right,681,690,759,9,nan,nan,0.65
7/28/2024 0:59:24,1.17.0,Bandit,0,4.00,1,30,20,80,Pellet,Right,681,690,760,9,0.06,882,nan
7/28/2024 0:59:36,1.17.0,Bandit,0,4.00,nan,30,20,80,Left,Right,682,690,760,10,nan,nan,0.00
7/28/2024 0:59:40,1.17.0,Bandit,0,4.00,nan,30,20,80,LeftinTimeOut,Right,682,690,760,10,nan,nan,nan
7/28/2024 2:54:21,1.17.0,Bandit,0,4.00,nan,30,20,80,Left,Right,683,690,760,10,nan,nan,0.42
7/28/2024 2:54:50,1.17.0,Bandit,0,4.00,nan,30,20,80,Right,Right,683,691,760,10,nan,nan,0.12
7/28/2024 2:54:53,1.17.0,Bandit,0,4.00,1,30,20,80,Pellet,Right,683,691,761,10,0.06,6929,nan
7/28/2024 2:55:06,1.17.0,Bandit,0,4.00,nan,30,20,80,Right,Right,683,692,761,11,nan,nan,0.08
7/28/2024 2:55:09,1.17.0,Bandit,0,4.00,1,30,20,80,Pellet,Right,683,692,762,11,0.06,16,nan
7/28/2024 2:55:23,1.17.0,Bandit,0,4.00,nan,30,20,80,Right,Right,683,693,762,12,nan,nan,1.18
7/28/2024 2:55:26,1.17.0,Bandit,0,4.00,1,30,20,80,Pellet,Right,683,693,763,12,0.49,17,nan
7/28/2024 2:55:47,1.17.0,Bandit,0,4.00,nan,30,20,80,Right,Right,683,694,763,13,nan,nan,0.64
7/28/2024 2:55:51,1.17.0,Bandit,0,3.98,2,30,20,80,Pellet,Right,683,694,764,13,0.06,25,nan
7/28/2024 2:56:05,1.17.0,Bandit,0,4.00,nan,30,20,80,Right,Right,683,695,764,14,nan,nan,0.15
7/28/2024 2:56:09,1.17.0,Bandit,0,4.00,2,30,20,80,Pellet,Right,683,695,765,14,0.06,18,nan
7/28/2024 2:56:20,1.17.0,Bandit,0,4.00,nan,30,20,80,Right,Right,683,696,765,15,nan,nan,0.13
7/28/2024 2:56:23,1.17.0,Bandit,0,4.00,2,30,20,80,Pellet,Right,683,696,766,15,0.06,14,nan
7/28/2024 2:56:29,1.17.0,Bandit,0,4.00,nan,30,20,80,Right,Right,683,697,766,16,nan,nan,0.62
7/28/2024 2:56:32,1.17.0,Bandit,0,4.00,1,30,20,80,Pellet,Right,683,697,767,16,0.06,9,nan
7/28/2024 2:56:49,1.17.0,Bandit,0,4.00,nan,30,20,80,Right,Right,683,698,767,17,nan,nan,1.36
7/28/2024 2:57:52,1.17.0,Bandit,0,4.00,nan,30,20,80,Right,Right,683,699,767,17,nan,nan,0.34
7/28/2024 2:57:55,1.17.0,Bandit,0,4.00,1,30,20,80,Pellet,Right,683,699,768,17,0.06,83,nan
7/28/2024 2:58:11,1.17.0,Bandit,0,4.00,nan,30,20,80,Right,Right,683,700,768,18,nan,nan,0.14
7/28/2024 2:58:14,1.17.0,Bandit,0,4.00,1,30,20,80,Pellet,Right,683,700,769,18,0.06,19,nan
7/28/2024 2:58:33,1.17.0,Bandit,0,4.00,nan,30,20,80,Right,Right,683,701,769,19,nan,nan,0.00
7/28/2024 2:58:36,1.17.0,Bandit,0,4.00,1,30,20,80,Pellet,Right,683,701,770,19,0.06,22,nan
7/28/2024 2:58:54,1.17.0,Bandit,0,4.00,nan,30,20,80,Right,Right,683,702,770,20,nan,nan,0.04
7/28/2024 2:59:55,1.17.0,Bandit,0,4.00,nan,30,20,80,Right,Right,683,703,770,20,nan,nan,0.47
7/28/2024 2:59:58,1.17.0,Bandit,0,4.00,1,30,20,80,Pellet,Right,683,703,771,20,0.36,82,nan
7/28/2024 3:00:00,1.17.0,Bandit,0,4.00,nan,30,20,80,Right,Right,683,704,771,21,nan,nan,0.04
7/28/2024 3:00:21,1.17.0,Bandit,0,4.00,nan,30,20,80,Left,Right,684,704,771,21,nan,nan,0.03
7/28/2024 3:00:23,1.17.0,Bandit,0,4.00,nan,30,20,80,LeftinTimeOut,Right,684,704,771,21,nan,nan,nan
7/28/2024 3:00:25,1.17.0,Bandit,0,4.00,nan,30,20,80,LeftinTimeOut,Right,684,704,771,21,nan,nan,nan
7/28/2024 4:34:44,1.17.0,Bandit,0,4.00,nan,30,20,80,Right,Right,684,705,771,21,nan,nan,0.09
7/28/2024 4:34:47,1.17.0,Bandit,0,3.99,1,30,20,80,Pellet,Right,684,705,772,21,0.06,5689,nan
7/28/2024 4:35:08,1.17.0,Bandit,0,4.00,nan,30,20,80,Right,Right,684,706,772,22,nan,nan,0.26
7/28/2024 4:35:36,1.17.0,Bandit,0,4.00,nan,30,20,80,Right,Right,684,707,772,22,nan,nan,0.38
7/28/2024 4:35:39,1.17.0,Bandit,0,4.00,1,30,20,80,Pellet,Right,684,707,773,22,0.06,52,nan
7/28/2024 4:35:51,1.17.0,Bandit,0,4.00,nan,30,20,80,Right,Right,684,708,773,23,nan,nan,0.62
7/28/2024 4:36:41,1.17.0,Bandit,0,4.00,nan,30,20,80,Right,Right,684,709,773,23,nan,nan,0.09
7/28/2024 4:36:45,1.17.0,Bandit,0,4.00,1,30,20,80,Pellet,Right,684,709,774,23,0.30,66,nan
7/28/2024 4:36:55,1.17.0,Bandit,0,4.00,nan,30,20,80,Right,Right,684,710,774,24,nan,nan,0.13
7/28/2024 4:36:58,1.17.0,Bandit,0,4.00,1,30,20,80,Pellet,Right,684,710,775,24,0.06,13,nan
7/28/2024 4:37:06,1.17.0,Bandit,0,4.00,nan,30,20,80,Right,Right,684,711,775,25,nan,nan,0.64
7/28/2024 4:37:09,1.17.0,Bandit,0,4.00,1,30,20,80,Pellet,Right,684,711,776,25,0.06,11,nan
7/28/2024 4:37:28,1.17.0,Bandit,0,3.99,nan,30,20,80,Right,Right,684,712,776,26,nan,nan,0.00
7/28/2024 4:37:33,1.17.0,Bandit,0,3.99,2,30,20,80,Pellet,Right,684,712,777,26,0.06,24,nan
7/28/2024 4:38:00,1.17.0,Bandit,0,4.00,nan,30,20,80,Left,Right,685,712,777,27,nan,nan,0.01
7/28/2024 4:38:03,1.17.0,Bandit,0,4.00,1,30,20,80,Pellet,Right,685,712,778,27,0.06,30,nan
7/28/2024 4:38:23,1.17.0,Bandit,0,4.00,nan,30,20,80,Left,Right,686,712,778,28,nan,nan,0.90
7/28/2024 4:38:51,1.17.0,Bandit,0,4.00,nan,30,20,80,Right,Right,686,713,778,28,nan,nan,0.58
7/28/2024 4:38:55,1.17.0,Bandit,0,4.00,1,30,20,80,Pellet,Right,686,713,779,28,0.67,52,nan
7/28/2024 4:39:20,1.17.0,Bandit,0,4.00,nan,30,20,80,Right,Right,686,714,779,29,nan,nan,0.03
7/28/2024 4:39:23,1.17.0,Bandit,0,4.00,1,30,20,80,Pellet,Right,686,714,780,29,0.06,28,nan
7/28/2024 4:39:42,1.17.0,Bandit,0,4.00,nan,30,80,20,Right,Left,686,715,780,0,nan,nan,0.04
7/28/2024 4:40:24,1.17.0,Bandit,0,4.00,nan,30,80,20,Left,Left,687,715,780,0,nan,nan,0.78
7/28/2024 4:40:28,1.17.0,Bandit,0,4.00,1,30,80,20,Pellet,Left,687,715,781,0,0.42,65,nan
7/28/2024 4:40:42,1.17.0,Bandit,0,4.00,nan,30,80,20,Left,Left,688,715,781,1,nan,nan,0.13
7/28/2024 4:40:46,1.17.0,Bandit,0,4.00,1,30,80,20,Pellet,Left,688,715,782,1,0.42,18,nan
7/28/2024 4:40:50,1.17.0,Bandit,0,4.00,nan,30,80,20,Left,Left,689,715,782,2,nan,nan,1.14
7/28/2024 4:42:08,1.17.0,Bandit,0,4.00,nan,30,80,20,Right,Left,689,716,782,2,nan,nan,0.61
7/28/2024 4:42:11,1.17.0,Bandit,0,4.00,1,30,80,20,Pellet,Left,689,716,783,2,0.06,85,nan
7/28/2024 4:42:22,1.17.0,Bandit,0,3.98,nan,30,80,20,Right,Left,689,717,783,3,nan,nan,0.02
7/28/2024 4:44:24,1.17.0,Bandit,0,4.00,nan,30,80,20,Right,Left,689,718,783,3,nan,nan,0.03
7/28/2024 4:44:27,1.17.0,Bandit,0,4.00,1,30,80,20,Pellet,Left,689,718,784,3,0.06,136,nan
7/28/2024 4:44:46,1.17.0,Bandit,0,4.00,nan,30,80,20,Right,Left,689,719,784,4,nan,nan,0.35
7/28/2024 4:45:39,1.17.0,Bandit,0,4.00,nan,30,80,20,Right,Left,689,720,784,4,nan,nan,0.06
7/28/2024 4:48:24,1.17.0,Bandit,0,4.00,nan,30,80,20,Right,Left,689,721,784,4,nan,nan,0.56
7/28/2024 4:49:05,1.17.0,Bandit,0,4.00,nan,30,80,20,Right,Left,689,722,784,4,nan,nan,0.00
7/28/2024 4:49:24,1.17.0,Bandit,0,4.00,nan,30,80,20,Left,Left,690,722,784,4,nan,nan,0.66
7/28/2024 4:49:27,1.17.0,Bandit,0,4.00,1,30,80,20,Pellet,Left,690,722,785,4,0.06,300,nan
7/28/2024 4:49:44,1.17.0,Bandit,0,4.00,nan,30,80,20,Left,Left,691,722,785,5,nan,nan,0.34
7/28/2024 4:49:47,1.17.0,Bandit,0,4.00,1,30,80,20,Pellet,Left,691,722,786,5,0.06,20,nan
7/28/2024 4:50:03,1.17.0,Bandit,0,4.00,nan,30,80,20,Left,Left,692,722,786,6,nan,nan,0.63
7/28/2024 4:50:07,1.17.0,Bandit,0,4.00,1,30,80,20,Pellet,Left,692,722,787,6,0.06,20,nan
7/28/2024 4:50:19,1.17.0,Bandit,0,4.00,nan,30,80,20,Left,Left,693,722,787,7,nan,nan,0.16
7/28/2024 4:50:23,1.17.0,Bandit,0,3.99,1,30,80,20,Pellet,Left,693,722,788,7,0.42,16,nan
7/28/2024 4:50:40,1.17.0,Bandit,0,4.00,nan,30,80,20,Left,Left,694,722,788,8,nan,nan,0.31
7/28/2024 4:50:44,1.17.0,Bandit,0,4.00,2,30,80,20,Pellet,Left,694,722,789,8,0.06,21,nan
7/28/2024 4:51:00,1.17.0,Bandit,0,4.00,nan,30,80,20,Left,Left,695,722,789,9,nan,nan,1.04
7/28/2024 4:51:04,1.17.0,Bandit,0,4.00,1,30,80,20,Pellet,Left,695,722,790,9,0.06,20,nan
7/28/2024 4:51:22,1.17.0,Bandit,0,4.00,nan,30,80,20,Left,Left,696,722,790,10,nan,nan,0.61
7/28/2024 4:51:26,1.17.0,Bandit,0,4.00,2,30,80,20,Pellet,Left,696,722,791,10,0.06,22,nan
7/28/2024 4:51:56,1.17.0,Bandit,0,4.00,nan,30,80,20,Left,Left,697,722,791,11,nan,nan,0.80
7/28/2024 4:51:58,1.17.0,Bandit,0,4.00,nan,30,80,20,LeftinTimeOut,Left,697,722,791,11,nan,nan,nan
7/28/2024 4:52:37,1.17.0,Bandit,0,4.00,nan,30,80,20,Right,Left,697,723,791,11,nan,nan,0.14
7/28/2024 4:59:39,1.17.0,Bandit,0,4.00,nan,30,80,20,Left,Left,698,723,791,11,nan,nan,0.31
7/28/2024 4:59:42,1.17.0,Bandit,0,4.00,1,30,80,20,Pellet,Left,698,723,792,11,0.06,496,nan
7/28/2024 5:00:04,1.17.0,Bandit,0,4.00,nan,30,80,20,Left,Left,699,723,792,12,nan,nan,0.32
7/28/2024 5:00:08,1.17.0,Bandit,0,4.00,1,30,80,20,Pellet,Left,699,723,793,12,0.12,26,nan
7/28/2024 5:00:39,1.17.0,Bandit,0,4.00,nan,30,80,20,Right,Left,699,724,793,13,nan,nan,0.10
7/28/2024 5:05:49,1.17.0,Bandit,0,4.00,nan,30,80,20,Left,Left,700,724,793,13,nan,nan,0.11
7/28/2024 5:05:52,1.17.0,Bandit,0,4.00,1,30,80,20,Pellet,Left,700,724,794,13,0.06,344,nan
7/28/2024 5:06:12,1.17.0,Bandit,0,4.00,nan,30,80,20,Left,Left,701,724,794,14,nan,nan,0.15
7/28/2024 5:07:05,1.17.0,Bandit,0,4.00,nan,30,80,20,Right,Left,701,725,794,14,nan,nan,0.27
7/28/2024 5:14:11,1.17.0,Bandit,0,4.00,nan,30,80,20,Right,Left,701,726,794,14,nan,nan,0.32
7/28/2024 5:14:15,1.17.0,Bandit,0,3.98,1,30,80,20,Pellet,Left,701,726,795,14,0.06,503,nan
7/28/2024 5:14:34,1.17.0,Bandit,0,4.00,nan,30,80,20,Left,Left,702,726,795,15,nan,nan,0.01
7/28/2024 5:14:45,1.17.0,Bandit,0,4.00,nan,30,80,20,Left,Left,703,726,795,15,nan,nan,0.00
7/28/2024 5:14:48,1.17.0,Bandit,0,4.00,1,30,80,20,Pellet,Left,703,726,796,15,0.06,33,nan
7/28/2024 5:15:08,1.17.0,Bandit,0,4.00,nan,30,80,20,Left,Left,704,726,796,16,nan,nan,0.33
7/28/2024 5:15:12,1.17.0,Bandit,0,4.00,1,30,80,20,Pellet,Left,704,726,797,16,0.67,23,nan
7/28/2024 5:15:28,1.17.0,Bandit,0,4.00,nan,30,80,20,Left,Left,705,726,797,17,nan,nan,0.17
7/28/2024 5:15:33,1.17.0,Bandit,0,3.99,2,30,80,20,Pellet,Left,705,726,798,17,0.06,22,nan
7/28/2024 5:16:15,1.17.0,Bandit,0,4.00,nan,30,80,20,Left,Left,706,726,798,18,nan,nan,0.04
7/28/2024 5:16:18,1.17.0,Bandit,0,4.00,1,30,80,20,Pellet,Left,706,726,799,18,0.06,45,nan
7/28/2024 5:16:33,1.17.0,Bandit,0,4.00,nan,30,80,20,Left,Left,707,726,799,19,nan,nan,0.66
7/28/2024 5:16:38,1.17.0,Bandit,0,4.00,2,30,80,20,Pellet,Left,707,726,800,19,0.06,20,nan
7/28/2024 5:17:02,1.17.0,Bandit,0,4.00,nan,30,80,20,Left,Left,708,726,800,20,nan,nan,0.01
7/28/2024 5:17:05,1.17.0,Bandit,0,4.00,1,30,80,20,Pellet,Left,708,726,801,20,0.06,27,nan
7/28/2024 5:17:38,1.17.0,Bandit,0,4.00,nan,30,80,20,Left,Left,709,726,801,21,nan,nan,0.41
7/28/2024 5:17:42,1.17.0,Bandit,0,3.99,2,30,80,20,Pellet,Left,709,726,802,21,0.06,37,nan
7/28/2024 5:18:01,1.17.0,Bandit,0,3.99,nan,30,80,20,Left,Left,710,726,802,22,nan,nan,0.05
7/28/2024 5:18:05,1.17.0,Bandit,0,3.98,1,30,80,20,Pellet,Left,710,726,803,22,0.06,23,nan
7/28/2024 5:18:29,1.17.0,Bandit,0,4.00,nan,30,80,20,Left,Left,711,726,803,23,nan,nan,0.04
7/28/2024 5:18:32,1.17.0,Bandit,0,4.00,1,30,80,20,Pellet,Left,711,726,804,23,0.06,27,nan
7/28/2024 5:18:54,1.17.0,Bandit,0,3.99,nan,30,80,20,Left,Left,712,726,804,24,nan,nan,0.39
7/28/2024 5:20:21,1.17.0,Bandit,0,4.00,nan,30,80,20,Left,Left,713,726,804,24,nan,nan,0.09
7/28/2024 5:20:24,1.17.0,Bandit,0,4.00,1,30,80,20,Pellet,Left,713,726,805,24,0.06,112,nan
7/28/2024 6:03:09,1.17.0,Bandit,0,4.00,nan,30,80,20,Left,Left,714,726,805,25,nan,nan,0.07
7/28/2024 6:04:52,1.17.0,Bandit,0,4.00,nan,30,80,20,Right,Left,714,727,805,25,nan,nan,0.07
7/28/2024 6:05:56,1.17.0,Bandit,0,3.99,nan,30,80,20,Left,Left,715,727,805,25,nan,nan,0.10
7/28/2024 6:05:59,1.17.0,Bandit,0,3.99,1,30,80,20,Pellet,Left,715,727,806,25,0.06,2735,nan
7/28/2024 6:06:17,1.17.0,Bandit,0,4.00,nan,30,80,20,Left,Left,716,727,806,26,nan,nan,0.35
7/28/2024 6:06:22,1.17.0,Bandit,0,4.00,2,30,80,20,Pellet,Left,716,727,807,26,0.06,23,nan
7/28/2024 6:06:51,1.17.0,Bandit,0,3.99,nan,30,80,20,Left,Left,717,727,807,27,nan,nan,0.04
7/28/2024 6:06:54,1.17.0,Bandit,0,4.00,1,30,80,20,Pellet,Left,717,727,808,27,0.06,32,nan
7/28/2024 6:07:09,1.17.0,Bandit,0,4.00,nan,30,80,20,Left,Left,718,727,808,28,nan,nan,0.35
7/28/2024 6:07:12,1.17.0,Bandit,0,4.00,1,30,80,20,Pellet,Left,718,727,809,28,0.55,18,nan
7/28/2024 6:07:32,1.17.0,Bandit,0,4.00,nan,30,80,20,Right,Left,718,728,809,29,nan,nan,0.03
7/28/2024 7:38:05,1.17.0,Bandit,0,3.98,nan,30,80,20,Left,Left,719,728,809,29,nan,nan,0.34
7/28/2024 7:38:08,1.17.0,Bandit,0,3.98,1,30,80,20,Pellet,Left,719,728,810,29,0.06,5456,nan
7/28/2024 7:38:26,1.17.0,Bandit,0,3.99,nan,30,20,80,Left,Right,720,728,810,0,nan,nan,0.08
7/28/2024 7:38:54,1.17.0,Bandit,0,3.99,nan,30,20,80,Left,Right,721,728,810,0,nan,nan,0.06
7/28/2024 7:38:57,1.17.0,Bandit,0,3.99,1,30,20,80,Pellet,Right,721,728,811,0,0.06,49,nan
7/28/2024 7:39:10,1.17.0,Bandit,0,3.99,nan,30,20,80,Left,Right,722,728,811,1,nan,nan,0.46
7/28/2024 7:39:21,1.17.0,Bandit,0,3.99,nan,30,20,80,LeftinTimeOut,Right,722,728,811,1,nan,nan,nan
7/28/2024 7:39:23,1.17.0,Bandit,0,3.99,nan,30,20,80,LeftinTimeOut,Right,722,728,811,1,nan,nan,nan
7/28/2024 7:40:01,1.17.0,Bandit,0,3.99,nan,30,20,80,Left,Right,723,728,811,1,nan,nan,0.11
7/28/2024 7:40:04,1.17.0,Bandit,0,3.99,1,30,20,80,Pellet,Right,723,728,812,1,0.06,67,nan
7/28/2024 7:40:21,1.17.0,Bandit,0,3.99,nan,30,20,80,Left,Right,724,728,812,2,nan,nan,0.03
7/28/2024 9:25:13,1.17.0,Bandit,0,3.97,nan,30,20,80,Left,Right,725,728,812,2,nan,nan,0.33
7/28/2024 9:26:02,1.17.0,Bandit,0,3.99,nan,30,20,80,Right,Right,725,729,812,2,nan,nan,0.03
7/28/2024 9:26:05,1.17.0,Bandit,0,3.98,1,30,20,80,Pellet,Right,725,729,813,2,0.06,6361,nan
7/28/2024 9:26:19,1.17.0,Bandit,0,3.99,nan,30,20,80,Left,Right,726,729,813,3,nan,nan,0.02
7/28/2024 9:26:21,1.17.0,Bandit,0,3.98,nan,30,20,80,LeftinTimeOut,Right,726,729,813,3,nan,nan,nan
7/28/2024 9:26:21,1.17.0,Bandit,0,3.99,nan,30,20,80,LeftinTimeOut,Right,726,729,813,3,nan,nan,nan
7/28/2024 9:26:22,1.17.0,Bandit,0,3.99,nan,30,20,80,LeftinTimeOut,Right,726,729,813,3,nan,nan,nan
7/28/2024 9:26:25,1.17.0,Bandit,0,3.99,nan,30,20,80,LeftinTimeOut,Right,726,729,813,3,nan,nan,nan
7/28/2024 9:26:39,1.17.0,Bandit,0,3.98,nan,30,20,80,Right,Right,726,730,813,3,nan,nan,0.08
7/28/2024 9:27:29,1.17.0,Bandit,0,3.99,nan,30,20,80,Left,Right,727,730,813,3,nan,nan,0.06
7/28/2024 9:27:33,1.17.0,Bandit,0,3.98,1,30,20,80,Pellet,Right,727,730,814,3,0.18,88,nan
7/28/2024 9:27:50,1.17.0,Bandit,0,3.98,nan,30,20,80,Left,Right,728,730,814,4,nan,nan,0.66
7/28/2024 9:28:25,1.17.0,Bandit,0,3.99,nan,30,20,80,Left,Right,729,730,814,4,nan,nan,0.50
7/28/2024 9:28:26,1.17.0,Bandit,0,3.99,nan,30,20,80,LeftinTimeOut,Right,729,730,814,4,nan,nan,nan
7/28/2024 9:28:27,1.17.0,Bandit,0,3.99,nan,30,20,80,LeftinTimeOut,Right,729,730,814,4,nan,nan,nan
7/28/2024 11:17:17,1.17.0,Bandit,0,3.98,nan,30,20,80,Left,Right,730,730,814,4,nan,nan,0.58
7/28/2024 11:17:21,1.17.0,Bandit,0,3.98,nan,30,20,80,LeftinTimeOut,Right,730,730,814,4,nan,nan,nan
7/28/2024 11:17:47,1.17.0,Bandit,0,3.98,nan,30,20,80,Left,Right,731,730,814,4,nan,nan,0.52
7/28/2024 11:17:51,1.17.0,Bandit,0,3.98,nan,30,20,80,LeftinTimeOut,Right,731,730,814,4,nan,nan,nan
7/28/2024 11:17:52,1.17.0,Bandit,0,3.99,nan,30,20,80,LeftinTimeOut,Right,731,730,814,4,nan,nan,nan
7/28/2024 11:17:52,1.17.0,Bandit,0,3.99,nan,30,20,80,LeftinTimeOut,Right,731,730,814,4,nan,nan,nan
7/28/2024 11:17:52,1.17.0,Bandit,0,3.98,nan,30,20,80,LeftinTimeOut,Right,731,730,814,4,nan,nan,nan
7/28/2024 11:18:12,1.17.0,Bandit,0,3.98,nan,30,20,80,Left,Right,732,730,814,4,nan,nan,0.03
7/28/2024 11:18:13,1.17.0,Bandit,0,3.98,nan,30,20,80,LeftinTimeOut,Right,732,730,814,4,nan,nan,nan
7/28/2024 11:18:31,1.17.0,Bandit,0,3.98,nan,30,20,80,Left,Right,733,730,814,4,nan,nan,0.65
7/28/2024 11:18:34,1.17.0,Bandit,0,3.98,1,30,20,80,Pellet,Right,733,730,815,4,0.06,6661,nan
7/28/2024 11:18:39,1.17.0,Bandit,0,3.98,nan,30,20,80,Left,Right,734,730,815,5,nan,nan,0.18
7/28/2024 11:18:40,1.17.0,Bandit,0,3.98,nan,30,20,80,LeftinTimeOut,Right,734,730,815,5,nan,nan,nan
7/28/2024 11:18:41,1.17.0,Bandit,0,3.98,nan,30,20,80,LeftinTimeOut,Right,734,730,815,5,nan,nan,nan
7/28/2024 11:18:42,1.17.0,Bandit,0,3.98,nan,30,20,80,LeftinTimeOut,Right,734,730,815,5,nan,nan,nan
7/28/2024 11:19:28,1.17.0,Bandit,0,3.98,nan,30,20,80,Left,Right,735,730,815,5,nan,nan,0.69
7/28/2024 11:19:32,1.17.0,Bandit,0,3.98,nan,30,20,80,LeftinTimeOut,Right,735,730,815,5,nan,nan,nan
7/28/2024 11:19:33,1.17.0,Bandit,0,3.98,nan,30,20,80,LeftinTimeOut,Right,735,730,815,5,nan,nan,nan
7/28/2024 11:19:37,1.17.0,Bandit,0,3.98,nan,30,20,80,LeftinTimeOut,Right,735,730,815,5,nan,nan,nan
7/28/2024 11:19:37,1.17.0,Bandit,0,3.98,nan,30,20,80,LeftinTimeOut,Right,735,730,815,5,nan,nan,nan
7/28/2024 11:21:10,1.17.0,Bandit,0,3.98,nan,30,20,80,Left,Right,736,730,815,5,nan,nan,0.10
7/28/2024 11:21:51,1.17.0,Bandit,0,3.98,nan,30,20,80,Right,Right,736,731,815,5,nan,nan,0.84
7/28/2024 11:21:54,1.17.0,Bandit,0,3.98,1,30,20,80,Pellet,Right,736,731,816,5,0.06,200,nan
7/28/2024 11:21:57,1.17.0,Bandit,0,3.98,nan,30,20,80,Right,Right,736,732,816,6,nan,nan,0.09
7/28/2024 11:22:00,1.17.0,Bandit,0,3.98,2,30,20,80,Pellet,Right,736,732,817,6,0.06,6,nan
7/28/2024 11:22:11,1.17.0,Bandit,0,3.98,nan,30,20,80,Right,Right,736,733,817,7,nan,nan,0.12
7/28/2024 11:22:15,1.17.0,Bandit,0,3.98,2,30,20,80,Pellet,Right,736,733,818,7,0.06,15,nan
7/28/2024 11:22:29,1.17.0,Bandit,0,3.98,nan,30,20,80,Right,Right,736,734,818,8,nan,nan,0.54
7/28/2024 11:22:32,1.17.0,Bandit,0,3.97,1,30,20,80,Pellet,Right,736,734,819,8,0.18,17,nan
7/28/2024 11:22:49,1.17.0,Bandit,0,3.98,nan,30,20,80,Right,Right,736,735,819,9,nan,nan,0.15
7/28/2024 11:22:52,1.17.0,Bandit,0,3.98,2,30,20,80,Pellet,Right,736,735,820,9,0.06,20,nan
7/28/2024 11:23:09,1.17.0,Bandit,0,3.98,nan,30,20,80,Right,Right,736,736,820,10,nan,nan,0.07
7/28/2024 11:23:12,1.17.0,Bandit,0,3.98,2,30,20,80,Pellet,Right,736,736,821,10,0.06,20,nan
7/28/2024 11:24:10,1.17.0,Bandit,0,3.98,nan,30,20,80,Right,Right,736,737,821,11,nan,nan,0.15
7/28/2024 11:24:13,1.17.0,Bandit,0,3.98,1,30,20,80,Pellet,Right,736,737,822,11,0.06,61,nan
7/28/2024 11:24:37,1.17.0,Bandit,0,3.98,nan,30,20,80,Right,Right,736,738,822,12,nan,nan,0.08
7/28/2024 11:24:40,1.17.0,Bandit,0,3.98,1,30,20,80,Pellet,Right,736,738,823,12,0.06,27,nan
7/28/2024 11:24:54,1.17.0,Bandit,0,3.98,nan,30,20,80,Right,Right,736,739,823,13,nan,nan,0.19
7/28/2024 11:24:58,1.17.0,Bandit,0,3.98,1,30,20,80,Pellet,Right,736,739,824,13,0.06,18,nan
7/28/2024 11:25:16,1.17.0,Bandit,0,4.00,nan,30,20,80,Right,Right,736,740,824,14,nan,nan,0.05
7/28/2024 11:25:19,1.17.0,Bandit,0,3.98,1,30,20,80,Pellet,Right,736,740,825,14,0.06,21,nan
7/28/2024 11:25:38,1.17.0,Bandit,0,3.98,nan,30,20,80,Right,Right,736,741,825,15,nan,nan,0.00
7/28/2024 11:25:41,1.17.0,Bandit,0,3.98,1,30,20,80,Pellet,Right,736,741,826,15,0.06,22,nan
7/28/2024 11:25:58,1.17.0,Bandit,0,3.98,nan,30,20,80,Right,Right,736,742,826,16,nan,nan,0.11
7/28/2024 11:26:02,1.17.0,Bandit,0,3.98,2,30,20,80,Pellet,Right,736,742,827,16,0.06,21,nan
7/28/2024 11:27:55,1.17.0,Bandit,0,3.98,nan,30,20,80,Left,Right,737,742,827,17,nan,nan,0.05
7/28/2024 11:33:53,1.17.0,Bandit,0,3.98,nan,30,20,80,Left,Right,738,742,827,17,nan,nan,0.03
7/28/2024 11:36:39,1.17.0,Bandit,0,3.98,nan,30,20,80,Right,Right,738,743,827,17,nan,nan,0.28
7/28/2024 11:36:44,1.17.0,Bandit,0,3.98,2,30,20,80,Pellet,Right,738,743,828,17,0.30,642,nan
7/28/2024 11:37:03,1.17.0,Bandit,0,3.98,nan,30,20,80,Left,Right,739,743,828,18,nan,nan,0.05
7/28/2024 11:43:49,1.17.0,Bandit,0,3.99,nan,30,20,80,Right,Right,739,744,828,18,nan,nan,0.06
7/28/2024 11:45:54,1.17.0,Bandit,0,3.98,nan,30,20,80,Right,Right,739,745,828,18,nan,nan,0.00
7/28/2024 11:45:57,1.17.0,Bandit,0,3.98,2,30,20,80,Pellet,Right,739,745,829,18,0.06,553,nan
7/28/2024 11:48:36,1.17.0,Bandit,0,3.98,nan,30,20,80,Right,Right,739,746,829,19,nan,nan,0.02
7/28/2024 11:48:39,1.17.0,Bandit,0,3.98,1,30,20,80,Pellet,Right,739,746,830,19,0.06,162,nan
7/28/2024 12:00:46,1.17.0,Bandit,0,3.98,nan,30,20,80,Right,Right,739,747,830,20,nan,nan,0.00
7/28/2024 12:00:48,1.17.0,Bandit,0,3.98,1,30,20,80,Pellet,Right,739,747,831,20,0.06,729,nan
7/28/2024 12:00:55,1.17.0,Bandit,0,3.98,nan,30,20,80,Right,Right,739,748,831,21,nan,nan,0.31
7/28/2024 12:00:58,1.17.0,Bandit,0,3.98,1,30,20,80,Pellet,Right,739,748,832,21,0.06,10,nan
7/28/2024 12:01:11,1.17.0,Bandit,0,3.98,nan,30,20,80,Right,Right,739,749,832,22,nan,nan,0.03
7/28/2024 12:01:15,1.17.0,Bandit,0,3.98,1,30,20,80,Pellet,Right,739,749,833,22,0.30,17,nan
7/28/2024 12:01:35,1.17.0,Bandit,0,3.98,nan,30,20,80,Right,Right,739,750,833,23,nan,nan,0.11
7/28/2024 12:01:38,1.17.0,Bandit,0,3.98,1,30,20,80,Pellet,Right,739,750,834,23,0.06,23,nan
7/28/2024 12:10:24,1.17.0,Bandit,0,3.98,nan,30,20,80,Left,Right,740,750,834,24,nan,nan,0.22
7/28/2024 12:13:49,1.17.0,Bandit,0,3.98,nan,30,20,80,Left,Right,741,750,834,24,nan,nan,0.00
7/28/2024 12:15:09,1.17.0,Bandit,0,3.98,nan,30,20,80,Right,Right,741,751,834,24,nan,nan,0.28
7/28/2024 12:15:12,1.17.0,Bandit,0,3.98,2,30,20,80,Pellet,Right,741,751,835,24,0.06,814,nan
7/28/2024 12:15:26,1.17.0,Bandit,0,3.98,nan,30,20,80,Right,Right,741,752,835,25,nan,nan,0.37
